grid_id,lat,lon,lat_min,lat_max,lon_min,lon_max,fire,fire_count,forest_density,elevation,slope,max_temp,min_temp,rainfall,wind_speed,humidity,pressure,dry_days,avg_temp_7d,avg_rain_7d,temp_range,heat_index,fuel_dryness,fire_weather_index
30.80_96.70,30.849999999999913,96.74999999999837,30.799999999999912,30.899999999999913,96.69999999999837,96.79999999999836,0,0,0.7933699806377268,2880.369017062189,26.920609855030083,-3.5,-11.0,2.2,21.5,72,580.7,4,-4.171428571428572,0.37142857142857144,7.5,7.5,-0.13066666666666668,-4.123287671232877
18.10_96.50,18.14999999999996,96.54999999999838,18.09999999999996,18.19999999999996,96.49999999999838,96.59999999999837,0,0,0.12452791767894555,495.2315246523193,5.003960157302707,34.4,25.0,0.3,5.5,65,1009.4,7,33.800000000000004,0.014285714285714287,9.399999999999999,41.9,2.8093333333333335,20.066666666666663
14.20_75.80,14.249999999999973,75.84999999999955,14.199999999999973,14.299999999999972,75.79999999999956,75.89999999999955,0,0,0.6629532646321002,991.7291216773167,10.238077784706284,33.5,20.0,0.0,17.7,49,948.9,7,32.371428571428574,0.0,13.5,33.0,3.9865,83.01299999999999
23.60_86.60,23.649999999999938,86.64999999999894,23.599999999999937,23.69999999999994,86.59999999999894,86.69999999999894,1,1,0.23403338648246108,128.69786732093664,0.0,32.2,18.3,0.0,10.0,49,999.5,7,29.957142857142856,0.0,13.900000000000002,31.700000000000003,3.8318000000000008,45.08
26.80_91.20,26.849999999999927,91.24999999999868,26.799999999999926,26.899999999999928,91.19999999999868,91.29999999999868,1,1,0.8813401887225798,470.59785517977093,4.711002771826575,27.7,18.6,0.0,12.3,42,942.3,7,25.657142857142855,0.0,9.099999999999998,23.7,3.7487333333333335,55.46441860465117
9.50_74.80,9.54999999999999,74.84999999999961,9.49999999999999,9.599999999999989,74.79999999999961,74.89999999999961,0,0,0.7954523631233049,1203.3819509406185,13.013709362525143,28.6,27.1,1.2,16.7,81,1010.4,0,28.442857142857143,1.1857142857142857,1.5,44.1,0.0,0.0
22.30_79.90,22.349999999999945,79.94999999999932,22.299999999999944,22.399999999999945,79.89999999999932,79.99999999999932,1,5,0.7240268656265318,405.50492072476743,5.359816523841985,30.9,14.6,0.0,15.5,58,964.2,7,29.785714285714285,0.0,16.299999999999997,34.9,3.0282000000000004,56.824576271186444
18.30_73.20,18.34999999999996,73.2499999999997,18.299999999999958,18.39999999999996,73.1999999999997,73.2999999999997,1,22,0.8381862281011152,525.8833906404504,6.940106475823247,33.6,21.1,0.0,14.4,74,1003.8,7,33.18571428571429,0.0,12.5,45.6,2.0384,45.1584
8.80_79.80,8.849999999999993,79.84999999999933,8.799999999999992,8.899999999999991,79.79999999999933,79.89999999999932,0,0,0.1844593022778614,227.17231385904722,1.1126707917883283,27.3,25.7,10.4,20.9,87,1011.1,1,27.814285714285717,0.5714285714285714,1.6000000000000014,45.8,0.1183,6.48375
29.20_94.30,29.24999999999992,94.3499999999985,29.199999999999918,29.29999999999992,94.2999999999985,94.3999999999985,0,0,0.7206133983617289,1840.6948064961084,19.565329607094046,2.6,-5.9,0.1,12.0,79,624.6,3,2.8428571428571425,0.7857142857142857,8.5,17.1,0.054599999999999996,1.1700000000000002
33.30_68.90,33.3499999999999,68.94999999999995,33.299999999999905,33.399999999999906,68.89999999999995,68.99999999999994,0,0,0.12427795850509744,2460.459584784421,26.003983812115774,13.5,1.1,0.0,9.6,56,793.9,2,11.385714285714286,0.7285714285714285,12.4,16.5,0.39599999999999996,4.5473684210526315
10.50_91.10,10.549999999999986,91.14999999999868,10.499999999999986,10.599999999999985,91.09999999999869,91.19999999999868,0,0,0.42103641887072263,349.95323389590214,1.5905568462742026,28.1,27.3,13.0,30.1,83,1011.2,0,27.82857142857143,2.4857142857142853,0.8000000000000007,44.6,0.0,0.0
12.20_86.70,12.24999999999998,86.74999999999893,12.19999999999998,12.29999999999998,86.69999999999894,86.79999999999893,0,0,0.18228529029414176,464.01331798576956,5.081405537386558,27.2,26.4,6.7,31.2,86,1012.1,7,26.257142857142856,0.09999999999999999,0.8000000000000007,45.2,0.8885333333333334,68.28137931034482
17.40_78.80,17.449999999999964,78.84999999999938,17.399999999999963,17.499999999999964,78.79999999999939,78.89999999999938,0,0,0.38094095937370476,630.1087784638686,4.5910561500569536,30.3,18.0,0.0,15.1,58,967.7,7,30.857142857142858,0.0,12.3,34.3,2.9694000000000003,54.28322033898305
22.30_87.20,22.349999999999945,87.2499999999989,22.299999999999944,22.399999999999945,87.19999999999891,87.2999999999989,1,3,0.3891368301791259,368.44551050266637,4.922661170076659,31.5,18.8,0.0,5.4,63,1010.0,7,28.942857142857143,0.0,12.7,38.0,2.7195,18.604687500000004
15.90_75.30,15.949999999999967,75.34999999999958,15.899999999999967,15.999999999999966,75.29999999999959,75.39999999999958,1,4,0.8306599933691062,1394.5649308200827,15.498818212416134,33.7,19.2,0.0,15.7,43,939.3,7,32.38571428571429,0.0,14.500000000000004,30.200000000000003,4.482100000000002,84.17340909090909
32.80_71.40,32.8499999999999,71.4499999999998,32.799999999999905,32.899999999999906,71.3999999999998,71.4999999999998,0,0,0.18831251315372421,1877.4504724047988,17.58576773452467,28.3,11.6,0.0,7.6,65,994.9,7,26.74285714285714,0.014285714285714287,16.700000000000003,35.8,2.3111666666666664,22.811515151515152
17.30_77.60,17.349999999999962,77.64999999999945,17.29999999999996,17.399999999999963,77.59999999999945,77.69999999999945,1,2,0.4041385352321737,95.89214963632426,2.936250281459581,32.7,18.8,0.0,14.3,50,957.8,7,32.371428571428574,0.0,13.900000000000002,32.7,3.8150000000000004,64.18176470588236
8.70_73.30,8.749999999999993,73.3499999999997,8.699999999999992,8.799999999999992,73.2999999999997,73.3999999999997,0,0,0.7302187697824308,767.7280603031193,9.452761811717865,28.1,27.5,0.0,12.7,79,1010.5,7,27.9,0.34285714285714286,0.6000000000000014,42.6,1.3769,31.226125000000003
30.10_71.90,30.149999999999917,71.94999999999978,30.099999999999916,30.199999999999918,71.89999999999978,71.99999999999977,0,0,0.30383297446773194,2236.9295083856846,23.704141195567153,27.6,14.4,0.0,5.5,65,1003.2,7,26.171428571428574,0.09999999999999999,13.200000000000001,35.1,2.254,16.1
28.50_86.10,28.549999999999923,86.14999999999897,28.499999999999922,28.599999999999923,86.09999999999897,86.19999999999897,0,0,0.44375181342740877,2587.0492180961196,25.970747366884147,-2.4,-14.6,0.0,10.5,51,558.0,7,-1.6857142857142855,0.014285714285714287,12.2,-1.9,-0.27440000000000003,-3.3923076923076922
20.30_73.80,20.34999999999995,73.84999999999967,20.29999999999995,20.399999999999952,73.79999999999967,73.89999999999966,1,3,0.6913649767271224,1085.8036843937375,12.5469676156504,32.0,21.2,0.0,18.4,55,938.5,7,30.75714285714286,0.0,10.8,34.5,3.36,73.6
12.50_71.70,12.54999999999998,71.74999999999979,12.499999999999979,12.599999999999978,71.69999999999979,71.79999999999978,0,0,0.17961033390643755,430.42523342152765,4.257059047272669,27.4,26.9,0.0,20.4,77,1011.4,7,27.842857142857145,0.1285714285714286,0.5,40.9,1.4704666666666666,50.163076923076915
23.00_69.80,23.049999999999944,69.8499999999999,22.999999999999943,23.099999999999945,69.7999999999999,69.89999999999989,1,1,0.31655355349650727,147.7719509892633,0.17131195284361977,33.2,21.1,0.0,16.9,34,1003.5,7,31.028571428571432,0.0,12.100000000000001,25.200000000000003,5.1128,112.21600000000001
21.20_82.10,21.249999999999947,82.1499999999992,21.199999999999946,21.299999999999947,82.0999999999992,82.19999999999919,1,21,0.5489733168193658,436.36748633617395,3.1709180268163393,33.8,17.6,0.0,8.3,51,983.5,7,32.04285714285714,0.0,16.199999999999996,34.3,3.8644666666666656,37.765
21.90_71.00,21.949999999999946,71.04999999999983,21.899999999999945,21.999999999999947,70.99999999999983,71.09999999999982,0,0,0.2385545616266596,61.68914505607109,0.0,33.3,19.7,0.0,15.0,48,995.8,7,31.685714285714283,0.0,13.599999999999998,32.3,4.0404,71.35714285714285
26.60_81.00,26.64999999999993,81.04999999999926,26.59999999999993,26.699999999999932,80.99999999999926,81.09999999999926,1,1,0.44167085381263915,103.24991431565816,0.0,28.6,15.7,0.0,10.2,72,1002.4,7,26.514285714285716,0.0,12.900000000000002,39.6,1.8685333333333336,27.973150684931504
24.20_73.80,24.24999999999994,73.84999999999967,24.19999999999994,24.29999999999994,73.79999999999967,73.89999999999966,1,1,0.2239543400801729,159.14302527241364,0.0,29.0,18.8,0.0,17.3,65,984.0,7,29.285714285714285,0.028571428571428574,10.2,36.5,2.368333333333333,53.21060606060607
17.10_88.90,17.149999999999963,88.94999999999881,17.099999999999962,17.199999999999964,88.89999999999881,88.9999999999988,0,0,0.35844598761980195,296.68979612632006,3.18855568734508,26.4,25.6,0.0,19.1,74,1014.1,7,25.17142857142857,0.0,0.7999999999999972,38.4,1.6016000000000001,47.062400000000004
13.00_69.70,13.049999999999978,69.7499999999999,12.999999999999977,13.099999999999977,69.6999999999999,69.7999999999999,0,0,0.2265761829363632,115.1472956112035,2.205238519410956,27.1,26.0,0.0,19.2,71,1012.2,7,27.542857142857144,0.0,1.1000000000000014,37.6,1.8337666666666672,50.58666666666667
26.60_89.40,26.64999999999993,89.44999999999878,26.59999999999993,26.699999999999932,89.39999999999878,89.49999999999878,1,5,0.8097673489253102,414.79871874298857,3.5677596976576136,32.0,15.8,0.0,12.0,54,1004.1,7,29.457142857142856,0.0,16.2,34.0,3.4346666666666663,48.872727272727275
11.80_76.10,11.849999999999982,76.14999999999954,11.799999999999981,11.89999999999998,76.09999999999954,76.19999999999953,1,1,0.7738142299180084,1127.1368238364676,10.552288769073975,32.5,19.8,0.0,13.8,62,930.2,7,31.4,0.0,12.7,38.5,2.8816666666666664,49.833333333333336
34.10_76.10,34.1499999999999,76.14999999999954,34.0999999999999,34.1999999999999,76.09999999999954,76.19999999999953,0,0,0.3472460488599412,2078.4012506965432,22.679298636823216,-9.1,-15.9,0.0,16.3,27,505.1,7,-11.828571428571427,0.0,6.800000000000001,-20.6,-1.5500333333333334,-37.0825
26.90_93.30,26.94999999999993,93.34999999999856,26.899999999999928,26.99999999999993,93.29999999999856,93.39999999999856,1,5,0.7191065061113437,222.6024282745855,3.8936748186110886,30.4,10.9,0.0,11.1,58,998.4,7,28.071428571428566,0.0,19.5,34.4,2.9791999999999996,40.035254237288136
9.40_77.20,9.44999999999999,77.24999999999947,9.39999999999999,9.49999999999999,77.19999999999948,77.29999999999947,1,8,0.18824240677581586,495.9497925107121,3.194394024572636,29.6,17.1,0.0,18.2,63,888.8,7,30.057142857142853,0.0,12.5,36.1,2.5554666666666668,58.9225
18.30_73.10,18.34999999999996,73.14999999999971,18.299999999999958,18.39999999999996,73.09999999999971,73.1999999999997,1,4,0.889011836007362,878.1452814713191,8.108106272052407,28.9,22.5,0.0,10.7,83,1000.3,7,29.057142857142857,0.0,6.399999999999999,45.4,1.146366666666667,25.769166666666663
26.60_84.50,26.64999999999993,84.54999999999906,26.59999999999993,26.699999999999932,84.49999999999906,84.59999999999906,0,0,0.3662879853340474,106.27104596107043,0.48457467974989266,30.3,15.5,0.0,12.3,72,1007.0,7,27.357142857142858,0.0,14.8,41.3,1.9796000000000002,35.73739726027398
23.00_77.20,23.049999999999944,77.24999999999947,22.999999999999943,23.099999999999945,77.19999999999948,77.29999999999947,1,2,0.42330647085632733,187.91663387730668,1.9264554773671245,23.4,17.4,2.2,17.3,75,958.6,7,29.485714285714284,0.1285714285714286,6.0,35.9,1.3649999999999998,37.28605263157895
7.70_88.20,7.749999999999996,88.24999999999885,7.699999999999996,7.799999999999995,88.19999999999885,88.29999999999885,0,0,0.16501816437186415,291.3019674955817,4.123650162195631,27.7,26.8,35.5,28.5,86,1010.1,0,27.585714285714285,11.528571428571428,0.8999999999999986,45.7,0.0,0.0
9.90_77.20,9.949999999999989,77.24999999999947,9.899999999999988,9.999999999999988,77.19999999999948,77.29999999999947,1,2,0.2651329791903823,263.3357584060884,2.1506381826721106,22.9,13.8,0.0,13.9,64,848.3,0,22.7,0.9571428571428572,9.099999999999998,29.9,0.0,0.0
10.50_97.00,10.549999999999986,97.04999999999835,10.499999999999986,10.599999999999985,96.99999999999835,97.09999999999835,0,0,0.11548487049690759,459.94745451083486,3.5440509792837194,29.0,27.8,0.0,28.6,78,1011.6,1,28.657142857142855,1.614285714285714,1.1999999999999993,43.0,0.21266666666666664,10.49873417721519
19.50_77.70,19.549999999999955,77.74999999999945,19.499999999999954,19.599999999999955,77.69999999999945,77.79999999999944,0,0,0.15462363941712667,403.38796682030306,2.6851610900123126,32.7,20.4,0.0,14.4,52,969.2,7,32.385714285714286,0.0,12.300000000000004,33.7,3.6624000000000003,62.19169811320755
23.20_77.10,23.24999999999994,77.14999999999948,23.19999999999994,23.29999999999994,77.09999999999948,77.19999999999948,0,0,0.4593462088651349,160.5231155005289,1.4597495745220597,22.1,17.3,0.6,13.6,82,957.7,0,29.185714285714287,0.2714285714285714,4.800000000000001,38.1,0.0,0.0
14.50_71.30,14.549999999999972,71.34999999999981,14.499999999999972,14.599999999999971,71.29999999999981,71.3999999999998,0,0,0.4296934655819319,372.32455823114765,2.413303825919745,27.2,26.5,0.0,23.1,74,1011.8,7,27.742857142857144,0.0,0.6999999999999993,39.2,1.6501333333333335,58.64320000000001
12.90_76.80,12.949999999999978,76.8499999999995,12.899999999999977,12.999999999999977,76.7999999999995,76.8999999999995,1,2,0.8339972136152307,529.111320522585,4.213010584152042,31.0,19.0,0.0,16.7,62,930.9,7,30.242857142857137,0.0,12.0,37.0,2.7486666666666673,57.52222222222222
12.70_79.80,12.749999999999979,79.84999999999933,12.699999999999978,12.799999999999978,79.79999999999933,79.89999999999932,0,0,0.11526861973988285,1002.7241884646221,11.889700855898937,31.7,22.2,0.0,14.9,75,1007.1,7,31.328571428571426,0.0,9.5,44.2,1.8491666666666666,43.50407894736842
16.80_93.10,16.849999999999962,93.14999999999857,16.79999999999996,16.899999999999963,93.09999999999857,93.19999999999857,0,0,0.396810676650167,262.56503631383436,2.8762343204794485,27.8,27.0,0.0,17.2,74,1013.2,7,26.47142857142857,0.0,0.8000000000000007,39.8,1.6865333333333332,44.62826666666667
14.20_80.60,14.249999999999973,80.64999999999928,14.199999999999973,14.299999999999972,80.59999999999928,80.69999999999928,0,0,0.43514653720271046,730.2340200428202,6.3609022499138295,26.6,26.2,0.0,19.3,76,1013.5,7,26.54285714285714,0.0,0.40000000000000213,39.6,1.4896,46.67090909090909
12.10_79.80,12.14999999999998,79.84999999999933,12.09999999999998,12.19999999999998,79.79999999999933,79.89999999999932,0,0,0.35787314121071623,941.8137395561596,8.841101885558183,30.0,22.4,0.0,14.0,81,1012.0,7,29.58571428571429,0.0,7.600000000000001,45.5,1.3299999999999996,35.853658536585364
28.50_92.00,28.549999999999923,92.04999999999863,28.499999999999922,28.599999999999923,91.99999999999864,92.09999999999863,0,0,0.8306261614896969,2960.0078268921106,29.3372109629186,-3.5,-13.1,1.0,24.1,61,586.3,7,0.28571428571428586,0.0,9.6,2.0,-0.3185,-9.523387096774194
33.00_92.90,33.049999999999905,92.94999999999858,32.99999999999991,33.09999999999991,92.89999999999858,92.99999999999858,0,0,0.8359185214074174,1837.7556166903482,18.169036987718748,-3.9,-18.1,0.0,28.6,37,565.5,7,-6.271428571428571,0.07142857142857142,14.200000000000001,-10.4,-0.5733,-20.54684210526316
6.50_85.60,6.55,85.649999999999,6.5,6.6,85.599999999999,85.699999999999,0,0,0.3278683872395796,223.54557539780933,3.4744705989902687,27.9,26.8,13.2,24.2,83,1009.9,0,27.471428571428568,21.942857142857143,1.0999999999999979,44.4,0.0,0.0
7.70_72.70,7.749999999999996,72.74999999999973,7.699999999999996,7.799999999999995,72.69999999999973,72.79999999999973,0,0,0.3462889781624301,173.86024051693556,0.0,28.0,27.2,0.0,16.8,78,1010.5,0,27.942857142857143,0.4,0.8000000000000007,42.0,0.0,0.0
20.60_85.60,20.649999999999952,85.649999999999,20.59999999999995,20.699999999999953,85.599999999999,85.699999999999,1,1,0.1828814607793406,311.97690117685653,3.7009537167927964,33.0,19.6,0.0,13.0,53,1004.4,7,30.757142857142856,0.0,13.399999999999999,34.5,3.619,55.611111111111114
15.20_94.10,15.24999999999997,94.14999999999851,15.199999999999969,15.299999999999969,94.09999999999852,94.19999999999851,0,0,0.24453206102494718,176.77924110511168,0.0,28.4,27.5,0.0,14.6,81,1012.8,7,27.442857142857143,0.0,0.8999999999999986,43.9,1.2590666666666663,35.39609756097561
23.20_77.60,23.24999999999994,77.64999999999945,23.19999999999994,23.29999999999994,77.59999999999945,77.69999999999945,1,12,0.22582777851015595,459.29235252177983,6.3308872626399175,22.8,17.4,0.4,11.7,80,964.5,0,29.35714285714286,0.2571428571428572,5.400000000000002,37.8,0.0,0.0
6.50_89.20,6.55,89.24999999999879,6.5,6.6,89.1999999999988,89.29999999999879,0,0,0.18138610176543005,444.25694058056985,6.344788907899751,27.8,27.0,33.9,21.5,85,1009.9,0,27.985714285714284,14.271428571428572,0.8000000000000007,45.3,0.0,0.0
23.30_96.60,23.34999999999994,96.64999999999837,23.29999999999994,23.39999999999994,96.59999999999837,96.69999999999837,0,0,0.7350510973061671,199.8086303362242,2.928386813768694,34.5,17.0,0.0,9.5,52,990.3,7,32.08571428571429,0.0,17.5,35.5,3.8639999999999994,43.2877358490566
12.10_86.70,12.14999999999998,86.74999999999893,12.09999999999998,12.19999999999998,86.69999999999894,86.79999999999893,0,0,0.1704560527897362,236.95888107207367,0.8304414456203411,27.2,26.5,8.6,31.8,86,1012.0,7,26.37142857142857,0.08571428571428572,0.6999999999999993,45.2,0.8885333333333334,69.59448275862069
34.00_75.30,34.0499999999999,75.34999999999958,33.9999999999999,34.0999999999999,75.29999999999959,75.39999999999958,0,0,0.33182413211710104,1104.3347902027958,11.548867593869454,17.5,4.2,0.0,8.1,36,777.8,7,14.242857142857144,0.0,13.3,10.5,2.6133333333333337,26.81756756756757
14.20_84.30,14.249999999999973,84.34999999999907,14.199999999999973,14.299999999999972,84.29999999999907,84.39999999999907,0,0,0.30578272284502706,332.1761063265254,3.621045559722395,26.8,25.9,0.0,28.0,80,1013.1,7,26.271428571428572,0.0,0.9000000000000021,41.8,1.2506666666666664,64.84938271604939
30.90_77.40,30.949999999999914,77.44999999999946,30.899999999999913,30.999999999999915,77.39999999999947,77.49999999999946,1,2,0.35838463044571156,1121.078870818246,10.476945831586882,20.7,8.5,0.0,13.7,62,819.8,7,19.82857142857143,0.07142857142857142,12.2,26.7,1.8354000000000001,31.509999999999998
13.50_80.10,13.549999999999976,80.14999999999931,13.499999999999975,13.599999999999975,80.09999999999931,80.1999999999993,0,0,0.11529511900255192,635.1473727917128,6.48262367695565,30.8,22.7,0.0,15.9,75,1013.3,7,30.17142857142857,0.0,8.100000000000001,43.3,1.7966666666666666,45.10578947368421
19.60_74.90,19.649999999999952,74.9499999999996,19.59999999999995,19.699999999999953,74.89999999999961,74.9999999999996,1,1,0.8597125858765564,1091.4122106560974,10.615895461779465,32.6,20.2,0.0,10.2,60,961.2,7,31.914285714285715,0.0,12.400000000000002,37.6,3.042666666666667,38.158032786885244
13.00_76.90,13.049999999999978,76.94999999999949,12.999999999999977,13.099999999999977,76.8999999999995,76.99999999999949,1,2,0.6458132520769054,1361.194679094634,13.172145645881672,31.3,18.8,0.0,17.2,61,928.1,7,30.74285714285714,0.0,12.5,36.8,2.8483000000000005,60.78258064516129
10.90_80.70,10.949999999999985,80.74999999999928,10.899999999999984,10.999999999999984,80.69999999999928,80.79999999999927,0,0,0.2786632449544178,466.59828035977284,3.035470586949185,27.0,26.4,3.6,29.1,83,1012.0,7,26.814285714285713,0.0,0.6000000000000014,43.5,1.0710000000000002,65.47500000000001
10.70_69.10,10.749999999999986,69.14999999999993,10.699999999999985,10.799999999999985,69.09999999999994,69.19999999999993,0,0,0.30760845075177456,167.39768911132148,0.7545328057133567,27.5,26.9,0.1,21.8,73,1011.6,7,27.757142857142856,0.0,0.6000000000000014,39.0,1.7325,56.70945945945946
17.90_81.90,17.94999999999996,81.9499999999992,17.89999999999996,17.99999999999996,81.89999999999921,81.9999999999992,1,4,0.38428967713945605,601.2561722486759,7.455644890733998,28.8,12.6,0.0,9.4,48,892.8,7,26.11428571428571,0.0,16.200000000000003,27.8,3.4944000000000006,38.674285714285716
13.80_87.20,13.849999999999975,87.2499999999989,13.799999999999974,13.899999999999974,87.19999999999891,87.2999999999989,0,0,0.21863820459233285,430.2688281946308,6.175713715442849,26.1,25.6,0.0,26.5,88,1012.8,7,25.75714285714286,0.0,0.5,45.1,0.7308,54.399438202247204
7.70_72.60,7.749999999999996,72.64999999999974,7.699999999999996,7.799999999999995,72.59999999999974,72.69999999999973,0,0,0.3226768588091738,250.0711950078376,2.6593395281236454,28.2,27.3,0.0,17.4,77,1010.5,0,27.97142857142857,0.5857142857142856,0.8999999999999986,41.7,0.0,0.0
8.60_90.40,8.649999999999993,90.44999999999872,8.599999999999993,8.699999999999992,90.39999999999873,90.49999999999872,0,0,0.23878737950423146,327.5621411187049,4.99059076932374,28.2,27.5,27.3,34.0,83,1010.5,0,27.842857142857145,7.528571428571428,0.6999999999999993,44.7,0.0,0.0
19.80_96.10,19.849999999999955,96.1499999999984,19.799999999999955,19.899999999999956,96.0999999999984,96.1999999999984,0,0,0.4393132147766746,71.0581216115427,0.14008776948439627,34.6,23.6,0.2,6.4,63,996.1,7,32.75714285714286,0.014285714285714287,11.0,41.1,2.9871333333333334,24.220000000000002
30.00_80.10,30.049999999999915,80.14999999999931,29.999999999999915,30.099999999999916,80.09999999999931,80.1999999999993,1,1,0.23125857954738108,2558.7688408792974,23.73999665137884,19.2,9.5,0.0,14.2,46,826.6,0,17.900000000000002,0.6142857142857144,9.7,17.2,0.0,0.0
25.60_94.30,25.64999999999993,94.3499999999985,25.59999999999993,25.699999999999932,94.2999999999985,94.3999999999985,1,3,0.9436860189840257,321.9833584439378,4.309280663884928,20.1,6.5,0.0,9.1,38,799.5,7,18.928571428571427,0.0,13.600000000000001,14.100000000000001,2.9078000000000004,32.83
26.70_77.00,26.74999999999993,77.04999999999949,26.69999999999993,26.79999999999993,76.99999999999949,77.09999999999948,0,0,0.2444627429881978,223.97858523883247,0.9822628337072796,26.1,14.0,0.0,9.9,79,991.3,1,26.757142857142856,0.41428571428571426,12.100000000000001,40.6,0.18269999999999997,3.2298750000000007
19.10_90.30,19.149999999999956,90.34999999999873,19.099999999999955,19.199999999999957,90.29999999999873,90.39999999999873,0,0,0.14137221968788954,206.12542002508448,0.7157944469685718,25.2,24.7,0.0,14.0,83,1014.3,7,25.0,0.0,0.5,41.7,0.9996000000000003,29.4
7.70_87.80,7.749999999999996,87.84999999999887,7.699999999999996,7.799999999999995,87.79999999999887,87.89999999999887,0,0,0.3090178201798033,379.1217289226519,5.559947082134643,27.8,26.9,30.7,26.2,86,1010.1,0,27.657142857142862,12.514285714285716,0.9000000000000021,45.8,0.0,0.0
31.80_84.50,31.849999999999913,84.54999999999906,31.799999999999912,31.899999999999913,84.49999999999906,84.59999999999906,0,0,0.30782807431331805,1434.3112165077216,14.2054028434856,0.1,-11.8,0.0,15.2,35,577.4,7,-1.5285714285714285,0.0,11.9,-7.4,0.015166666666666669,0.29555555555555557
27.10_87.80,27.149999999999928,87.84999999999887,27.099999999999927,27.19999999999993,87.79999999999887,87.89999999999887,0,0,0.34287633910214466,231.76627756623213,0.6008639118846029,20.6,10.2,0.0,13.8,65,800.3,7,19.128571428571426,0.0,10.400000000000002,28.1,1.6823333333333335,30.150909090909096
27.30_92.90,27.349999999999927,92.94999999999858,27.299999999999926,27.399999999999928,92.89999999999858,92.99999999999858,0,0,0.8278815731170093,177.56452973109674,0.010163045070847865,19.7,8.4,0.0,16.9,50,849.7,7,18.942857142857143,0.042857142857142864,11.299999999999999,19.7,2.2983333333333333,45.696274509803914
25.90_81.20,25.949999999999932,81.24999999999925,25.89999999999993,25.999999999999932,81.19999999999925,81.29999999999924,1,1,0.37240934122764024,183.93519268813333,1.133643535423988,28.5,16.9,0.3,9.0,70,1003.7,0,26.24285714285714,0.31428571428571433,11.600000000000001,38.5,0.0,0.0
27.60_94.60,27.649999999999924,94.64999999999849,27.599999999999923,27.699999999999925,94.59999999999849,94.69999999999848,1,1,0.750662257920938,362.16288011631457,4.4864676127111425,28.8,16.8,0.0,15.1,46,983.1,4,26.057142857142857,0.5142857142857143,12.0,26.8,2.0736000000000003,37.01106382978723
9.10_79.20,9.149999999999991,79.24999999999936,9.09999999999999,9.19999999999999,79.19999999999936,79.29999999999936,0,0,0.36130429266833863,476.8380751608213,3.3109411934538975,26.7,26.1,0.8,29.7,86,1011.4,6,26.928571428571427,0.24285714285714285,0.5999999999999979,44.7,0.7476,54.688965517241385
34.10_69.90,34.1499999999999,69.94999999999989,34.0999999999999,34.1999999999999,69.89999999999989,69.99999999999989,0,0,0.32753358217051254,1674.7113947462635,18.36321863688846,5.7,1.6,0.0,8.1,42,699.8,3,0.6714285714285715,0.37142857142857144,4.1,1.7000000000000002,0.33060000000000006,3.221162790697674
34.90_81.60,34.949999999999896,81.64999999999922,34.8999999999999,34.9999999999999,81.59999999999923,81.69999999999922,0,0,0.41237916374987915,1911.7454692181398,18.0282057320186,-2.9,-22.8,0.0,6.4,36,557.4,7,-7.542857142857142,0.0,19.900000000000002,-9.9,-0.43306666666666666,-3.511351351351351
11.70_80.70,11.749999999999982,80.74999999999928,11.699999999999982,11.799999999999981,80.69999999999928,80.79999999999927,0,0,0.1282965897325613,439.01389429840816,6.355478163461997,26.9,26.5,0.8,27.2,80,1012.4,7,26.685714285714283,0.0,0.3999999999999986,41.9,1.255333333333333,63.231604938271595
35.10_71.20,35.14999999999989,71.24999999999982,35.099999999999895,35.199999999999896,71.19999999999982,71.29999999999981,0,0,0.18675548461818592,2833.4098909586405,26.528811959873636,3.2,-1.1,0.0,9.4,33,728.2,7,-0.24285714285714283,0.09999999999999999,4.300000000000001,-5.3,0.5002666666666666,6.192941176470589
28.00_71.30,28.049999999999923,71.34999999999981,27.999999999999922,28.099999999999923,71.29999999999981,71.3999999999998,0,0,0.22358964442470797,2738.850642805386,27.909263015581633,29.6,19.1,0.0,8.3,47,1005.8,7,30.328571428571426,0.014285714285714287,10.5,28.1,3.660533333333334,35.82833333333334
30.20_76.20,30.24999999999992,76.24999999999953,30.199999999999918,30.29999999999992,76.19999999999953,76.29999999999953,1,2,0.16300423599195812,1468.7691856449455,13.572617037311458,26.7,12.2,0.0,8.7,75,989.8,7,25.457142857142856,0.014285714285714287,14.5,39.2,1.5575,21.395131578947364
34.30_73.70,34.349999999999895,73.74999999999967,34.2999999999999,34.3999999999999,73.69999999999968,73.79999999999967,0,0,0.4771497193477213,2882.929151556132,27.45902461613837,16.9,6.7,0.0,11.8,32,787.3,7,15.714285714285714,0.028571428571428574,10.2,7.899999999999999,2.6814666666666658,42.30121212121212
7.20_86.00,7.249999999999997,86.04999999999897,7.1999999999999975,7.299999999999997,85.99999999999898,86.09999999999897,0,0,0.37171123257599425,367.2571802886052,2.200025507485358,28.0,26.8,9.4,23.8,83,1009.9,0,27.557142857142857,20.971428571428568,1.1999999999999993,44.5,0.0,0.0
32.90_70.80,32.9499999999999,70.84999999999984,32.899999999999906,32.99999999999991,70.79999999999984,70.89999999999984,0,0,0.4563264870439063,1807.0450780082328,19.09066865439195,27.5,13.4,0.0,11.7,50,979.9,7,26.157142857142862,0.07142857142857142,14.1,27.5,3.208333333333333,44.161764705882355
31.00_84.10,31.049999999999915,84.14999999999908,30.999999999999915,31.099999999999916,84.09999999999908,84.19999999999908,0,0,0.11418877163357877,2771.819072730208,27.287830043598095,-2.2,-14.7,0.0,10.7,39,562.4,7,-2.557142857142857,0.0,12.5,-7.7,-0.3131333333333333,-4.1195
32.80_83.70,32.8499999999999,83.7499999999991,32.799999999999905,32.899999999999906,83.69999999999911,83.7999999999991,0,0,0.21492747541866353,2379.085859344757,21.94752301939155,-3.4,-16.1,0.0,12.3,29,553.2,7,-6.557142857142857,0.0,12.700000000000001,-13.9,-0.5632666666666667,-9.758000000000001
18.70_76.90,18.749999999999957,76.94999999999949,18.699999999999957,18.799999999999958,76.8999999999995,76.99999999999949,0,0,0.7265701285777617,1036.8352502135226,10.260092909535501,32.6,20.3,0.0,12.7,50,958.8,7,32.228571428571435,0.0,12.3,32.6,3.8033333333333332,56.826274509803916
33.50_83.70,33.5499999999999,83.7499999999991,33.4999999999999,33.5999999999999,83.69999999999911,83.7999999999991,0,0,0.20911601985730544,2717.9852749606807,27.055642164608024,-1.3,-11.9,0.0,13.4,20,566.7,7,-5.3999999999999995,0.042857142857142864,10.6,-16.3,-0.2426666666666667,-5.8066666666666675
18.50_84.50,18.549999999999958,84.54999999999906,18.499999999999957,18.59999999999996,84.49999999999906,84.59999999999906,0,0,0.11498822796782111,409.3262435556681,3.652624901569872,27.5,22.5,0.0,16.2,72,1014.8,7,26.071428571428573,0.0,5.0,38.5,1.7966666666666666,42.71917808219178
31.20_93.40,31.24999999999991,93.44999999999855,31.19999999999991,31.299999999999912,93.39999999999856,93.49999999999855,0,0,0.8166171881117495,1360.4851280876014,12.557271428945185,-4.2,-14.9,0.4,24.0,52,549.5,5,-5.385714285714286,0.34285714285714286,10.7,-3.2,-0.336,-9.509433962264152
19.50_75.40,19.549999999999955,75.44999999999958,19.499999999999954,19.599999999999955,75.39999999999958,75.49999999999957,0,0,0.7274991208189404,1351.82158721825,14.938650465917007,31.8,19.8,0.0,8.4,61,959.8,7,31.171428571428567,0.0,12.0,37.3,2.8938,30.158709677419356
32.70_84.20,32.7499999999999,84.24999999999908,32.6999999999999,32.799999999999905,84.19999999999908,84.29999999999907,0,0,0.26891100474700147,1060.8221027609857,12.532494727191121,0.4,-16.0,0.0,11.8,33,584.0,7,-2.2142857142857144,0.0,16.4,-8.1,0.06253333333333333,0.9717647058823531
9.80_79.70,9.849999999999989,79.74999999999933,9.799999999999988,9.899999999999988,79.69999999999933,79.79999999999933,0,0,0.3558193568853594,231.22278642495314,0.9012963083137171,27.0,26.0,3.4,30.9,85,1011.7,7,26.97142857142857,0.07142857142857142,1.0,44.5,0.9450000000000001,67.90813953488372
8.00_72.70,8.049999999999995,72.74999999999973,7.999999999999995,8.099999999999994,72.69999999999973,72.79999999999973,0,0,0.37813250100670703,409.80920773259237,4.77193609979094,28.3,27.4,0.0,15.4,78,1010.5,7,27.928571428571423,0.35714285714285715,0.9000000000000021,42.3,1.4527333333333332,38.616962025316454
20.80_88.90,20.849999999999948,88.94999999999881,20.799999999999947,20.89999999999995,88.89999999999881,88.9999999999988,0,0,0.3373387376780006,441.41845954314243,4.563591904979477,25.1,24.5,0.0,13.0,78,1014.8,7,24.785714285714285,0.0,0.6000000000000014,39.1,1.2884666666666664,28.9126582278481
13.80_89.70,13.849999999999975,89.74999999999876,13.799999999999974,13.899999999999974,89.69999999999877,89.79999999999876,0,0,0.19128022861284918,253.8424567672356,3.419521554759837,27.2,26.7,0.4,24.6,87,1012.6,7,26.18571428571429,0.0,0.5,45.7,0.8250666666666667,53.22545454545455
17.10_74.90,17.149999999999963,74.9499999999996,17.099999999999962,17.199999999999964,74.89999999999961,74.9999999999996,1,1,0.6518905945721201,640.3930689500156,7.407156047960277,31.8,18.9,0.0,14.0,47,939.0,7,30.52857142857143,0.0,12.900000000000002,30.3,3.9326000000000003,64.925
23.10_80.60,23.14999999999994,80.64999999999928,23.09999999999994,23.199999999999942,80.59999999999928,80.69999999999928,0,0,0.629873868147012,349.80172863705485,1.5672387695007926,29.2,17.1,0.1,12.4,51,942.1,7,28.099999999999998,0.0,12.099999999999998,29.7,3.338533333333333,48.74153846153846
14.50_84.60,14.549999999999972,84.64999999999905,14.499999999999972,14.599999999999971,84.59999999999906,84.69999999999905,0,0,0.3110074961405138,56.22268754377246,2.528869630630896,26.8,26.0,0.0,27.6,79,1013.2,7,26.21428571428572,0.0,0.8000000000000007,41.3,1.3131999999999997,64.72200000000001
21.80_69.20,21.849999999999948,69.24999999999993,21.799999999999947,21.89999999999995,69.19999999999993,69.29999999999993,0,0,0.4524344909061261,408.493370274132,3.945717726700091,28.9,23.3,0.0,16.9,57,1013.1,7,25.642857142857142,0.0,5.599999999999998,32.4,2.8996333333333335,58.94603448275861
16.70_71.20,16.749999999999964,71.24999999999982,16.699999999999964,16.799999999999965,71.19999999999982,71.29999999999981,0,0,0.41004611617463294,476.24081521572236,3.934144684572561,27.0,25.9,0.0,21.9,74,1012.2,7,27.099999999999998,0.0,1.1000000000000014,39.0,1.638,55.187999999999995
12.00_68.00,12.049999999999981,68.05,11.99999999999998,12.09999999999998,68.0,68.1,0,0,0.2917673447375316,411.0496707166064,4.343989115577641,26.9,25.9,0.0,21.1,68,1012.4,7,27.300000000000004,0.014285714285714287,1.0,35.9,2.008533333333333,57.58159420289855
24.80_75.40,24.849999999999934,75.44999999999958,24.799999999999933,24.899999999999935,75.39999999999958,75.49999999999957,0,0,0.3543753606192769,462.59226236863464,6.366040330541896,26.4,17.4,0.0,14.5,72,964.2,1,27.62857142857143,0.39999999999999997,9.0,37.4,0.24640000000000004,5.243835616438355
16.40_68.80,16.449999999999964,68.84999999999995,16.399999999999963,16.499999999999964,68.79999999999995,68.89999999999995,0,0,0.49104236838295556,148.28379300826793,1.3969307840328122,26.1,25.3,0.0,16.5,64,1012.9,7,26.25714285714286,0.0,0.8000000000000007,33.1,2.1923999999999997,46.377692307692314
27.20_96.90,27.249999999999925,96.94999999999835,27.199999999999925,27.299999999999926,96.89999999999836,96.99999999999835,1,17,0.7642565246255564,274.2669492823711,3.148164287675167,23.8,10.7,0.0,19.1,53,863.5,4,22.47142857142857,0.2857142857142857,13.100000000000001,25.3,1.4914666666666665,33.67259259259259
29.10_89.50,29.14999999999992,89.54999999999878,29.09999999999992,29.19999999999992,89.49999999999878,89.59999999999877,0,0,0.8547802976964942,2006.7975193493662,18.17790085011758,0.9,-10.5,0.1,12.3,37,592.6,7,2.242857142857143,0.0,11.4,-5.6,0.1323,2.03921052631579
15.20_79.30,15.24999999999997,79.34999999999935,15.199999999999969,15.299999999999969,79.29999999999936,79.39999999999935,0,0,0.28779877888171185,1170.353555637855,10.232272065920352,32.2,19.1,0.0,14.9,71,997.0,7,31.32857142857143,0.0,13.100000000000001,42.7,2.1788666666666674,46.64527777777778
23.50_94.60,23.54999999999994,94.64999999999849,23.49999999999994,23.59999999999994,94.59999999999849,94.69999999999848,0,0,0.7102237128625992,387.42408923964246,4.157963884871872,29.7,16.6,0.0,9.6,76,972.2,7,27.714285714285715,0.0,13.099999999999998,42.7,1.6631999999999998,25.92
29.30_95.90,29.34999999999992,95.94999999999841,29.29999999999992,29.39999999999992,95.89999999999841,95.99999999999841,0,0,0.8748074988528142,1878.743858681432,16.9794050736986,0.2,-5.0,0.2,8.7,60,625.4,0,0.3142857142857142,0.7999999999999999,5.2,5.2,0.0,0.0
18.60_80.50,18.64999999999996,80.54999999999929,18.59999999999996,18.69999999999996,80.49999999999929,80.59999999999928,1,46,0.17214128611892737,808.8833780781858,6.918288770909761,32.2,20.9,0.0,7.4,62,976.2,7,31.342857142857138,0.0,11.300000000000004,38.2,2.855066666666667,26.47555555555556
10.70_76.50,10.749999999999986,76.54999999999951,10.699999999999985,10.799999999999985,76.49999999999952,76.59999999999951,1,1,0.7130129659653933,701.2870957016872,8.886609081862229,37.0,22.9,0.0,28.0,55,1001.8,7,36.357142857142854,0.028571428571428574,14.100000000000001,39.5,3.8849999999999993,129.5
23.80_69.60,23.84999999999994,69.6499999999999,23.79999999999994,23.89999999999994,69.59999999999991,69.6999999999999,0,0,0.4251290510189323,351.4074512175355,5.008210116160221,32.5,19.1,0.0,15.6,45,1014.3,7,30.771428571428572,0.0,13.399999999999999,30.0,4.170833333333333,77.15217391304348
34.70_76.60,34.7499999999999,76.64999999999951,34.6999999999999,34.799999999999905,76.59999999999951,76.6999999999995,0,0,0.361061561860081,2241.633906456957,21.427640661354328,-5.2,-13.3,0.0,17.6,28,555.3,6,-8.514285714285714,0.2571428571428572,8.100000000000001,-16.2,-0.7488,-18.935172413793108
7.60_70.70,7.649999999999996,70.74999999999984,7.599999999999996,7.699999999999996,70.69999999999985,70.79999999999984,0,0,0.10653406948624121,64.86457290835966,2.4312584821420207,28.3,27.6,0.8,19.4,78,1010.6,0,28.02857142857143,0.3,0.6999999999999993,42.3,0.0,0.0
33.10_78.90,33.149999999999906,78.94999999999938,33.09999999999991,33.19999999999991,78.89999999999938,78.99999999999937,0,0,0.3530107872887973,2029.3556046415254,19.37311887862456,-1.4,-15.1,0.0,11.4,25,544.8,7,-5.971428571428572,0.04285714285714286,13.7,-13.9,-0.245,-4.296923076923077
19.80_83.80,19.849999999999955,83.8499999999991,19.799999999999955,19.899999999999956,83.7999999999991,83.8999999999991,0,0,0.18687701658255373,804.2645391024951,7.669768862654623,33.1,14.6,0.0,13.6,40,926.1,7,30.642857142857142,0.0,18.5,28.1,4.6339999999999995,76.85658536585366
8.80_80.20,8.849999999999993,80.2499999999993,8.799999999999992,8.899999999999991,80.1999999999993,80.2999999999993,0,0,0.3954247300866155,333.2212242974392,2.5649212793731824,28.8,23.2,4.2,11.3,88,1003.3,1,29.7,0.4,5.600000000000001,47.8,0.11520000000000001,3.656629213483147
20.00_77.50,20.04999999999995,77.54999999999946,19.99999999999995,20.09999999999995,77.49999999999946,77.59999999999945,1,8,0.18832275419620093,91.66320851830139,1.9484176688935246,31.1,20.7,0.0,14.3,50,955.7,7,30.428571428571423,0.0,10.400000000000002,31.1,3.628333333333333,61.04137254901961
15.50_80.50,15.549999999999969,80.54999999999929,15.499999999999968,15.599999999999968,80.49999999999929,80.59999999999928,0,0,0.4464935193024817,1281.2382440314163,13.936005837335735,26.2,25.5,0.0,20.3,78,1013.9,7,26.442857142857143,0.0,0.6999999999999993,40.2,1.344933333333333,47.126835443037976
26.20_82.50,26.249999999999932,82.54999999999917,26.199999999999932,26.299999999999933,82.49999999999918,82.59999999999917,1,1,0.2251718635815504,52.27573035054441,0.9907131944989567,29.7,16.7,0.0,8.6,67,1005.5,7,26.671428571428574,0.0,13.0,38.2,2.2868999999999997,26.293235294117643
31.60_70.50,31.64999999999991,70.54999999999986,31.59999999999991,31.69999999999991,70.49999999999986,70.59999999999985,0,0,0.15611259231439079,1387.6369843727289,15.733080940352291,27.7,14.3,0.0,12.5,52,996.4,2,25.67142857142857,1.0,13.399999999999999,28.7,0.8864,13.066037735849056
34.20_70.20,34.2499999999999,70.24999999999987,34.1999999999999,34.299999999999905,70.19999999999987,70.29999999999987,0,0,0.2207980303599212,2152.413981564266,20.36775295798114,18.7,7.5,0.0,8.9,48,897.8,7,17.27142857142857,0.0,11.2,17.7,2.2689333333333335,23.775714285714287
6.90_82.50,6.949999999999998,82.54999999999917,6.899999999999999,6.999999999999998,82.49999999999918,82.59999999999917,0,0,0.34133652178486235,351.17250034349223,2.506168115121698,26.7,26.4,21.3,23.4,88,1010.5,0,26.914285714285715,18.685714285714287,0.3000000000000007,45.7,0.0,0.0
34.50_75.90,34.5499999999999,75.94999999999955,34.4999999999999,34.5999999999999,75.89999999999955,75.99999999999955,0,0,0.24752138877491656,2057.713861706355,19.301007914695948,-1.0,-9.7,0.0,5.7,44,673.3,6,-3.3714285714285714,0.48571428571428577,8.7,-4.0,-0.11200000000000002,-0.76
19.10_74.60,19.149999999999956,74.64999999999962,19.099999999999955,19.199999999999957,74.59999999999962,74.69999999999962,0,0,0.7101416887010845,1146.913745513139,9.70881659687462,31.3,20.4,0.0,17.2,52,939.7,7,30.557142857142857,0.0,10.900000000000002,32.3,3.5056000000000003,71.10415094339622
27.20_92.80,27.249999999999925,92.84999999999859,27.199999999999925,27.299999999999926,92.79999999999859,92.89999999999858,0,0,0.8384004129969346,319.6441804034526,4.353622996048723,22.4,11.2,0.0,13.7,49,890.7,7,21.1,0.0,11.2,21.9,2.6656,42.963199999999986
29.10_89.90,29.14999999999992,89.94999999999875,29.09999999999992,29.19999999999992,89.89999999999876,89.99999999999875,0,0,0.8852066690754272,2549.257474078552,24.64679034091252,1.3,-9.6,0.0,17.7,46,604.2,7,3.985714285714286,0.028571428571428574,10.9,-0.7,0.16380000000000003,3.4270212765957453
9.90_87.80,9.949999999999989,87.84999999999887,9.899999999999988,9.999999999999988,87.79999999999887,87.89999999999887,0,0,0.25616700971547746,432.50702799289337,4.69301010467258,27.3,25.5,38.4,36.1,88,1011.0,0,27.571428571428577,0.8714285714285716,1.8000000000000007,46.3,0.0,0.0
31.50_74.50,31.549999999999912,74.54999999999963,31.49999999999991,31.599999999999913,74.49999999999963,74.59999999999962,0,0,0.44331137565337353,1091.5556992699437,10.504563356930436,26.8,13.7,0.0,7.6,68,992.5,7,25.58571428571429,0.05714285714285715,13.100000000000001,35.8,2.001066666666666,20.6631884057971
27.60_94.70,27.649999999999924,94.74999999999848,27.599999999999923,27.699999999999925,94.69999999999848,94.79999999999848,0,0,0.8069325114619219,315.0489811184812,4.336899365989826,31.8,16.2,0.0,15.6,47,1000.1,4,28.957142857142856,0.3,15.600000000000001,30.3,2.2472000000000003,41.339999999999996
22.30_92.80,22.349999999999945,92.84999999999859,22.299999999999944,22.399999999999945,92.79999999999859,92.89999999999858,1,1,0.21966002482601177,155.68451646148225,0.8036629933208685,32.5,21.2,0.0,7.9,46,987.3,7,32.07142857142857,0.0,11.3,30.5,4.095,38.23936170212766
10.20_70.00,10.249999999999988,70.04999999999988,10.199999999999987,10.299999999999986,69.99999999999989,70.09999999999988,0,0,0.3929558547209553,263.83133942027473,1.945982722405169,27.9,27.2,0.3,19.4,75,1011.3,1,27.75714285714286,0.18571428571428572,0.6999999999999993,40.4,0.23249999999999998,7.121842105263156
33.00_70.80,33.049999999999905,70.84999999999984,32.99999999999991,33.09999999999991,70.79999999999984,70.89999999999984,0,0,0.2636711909556602,1641.0812123122032,17.72283822335857,27.3,13.2,0.0,11.7,50,975.7,7,25.957142857142856,0.07142857142857142,14.100000000000001,27.3,3.185,43.84058823529411
15.90_75.40,15.949999999999967,75.44999999999958,15.899999999999967,15.999999999999966,75.39999999999958,75.49999999999957,1,3,0.6375274379544393,1097.2834771968028,12.527675487522853,33.9,19.3,0.0,15.7,42,947.7,7,32.65714285714285,0.0,14.599999999999998,29.9,4.5878000000000005,86.6420930232558
21.00_92.40,21.04999999999995,92.44999999999861,20.99999999999995,21.09999999999995,92.39999999999861,92.49999999999861,0,0,0.2748924968722275,497.3623501528503,5.02228587777638,34.5,20.4,0.0,13.0,48,1013.1,7,32.4,0.0,14.100000000000001,33.5,4.186,64.07142857142857
8.90_94.00,8.949999999999992,94.04999999999852,8.899999999999991,8.999999999999991,93.99999999999852,94.09999999999852,0,0,0.27920162385633185,316.55767123818356,4.883547238511128,28.9,27.5,6.0,36.7,77,1011.0,0,27.91428571428571,5.785714285714286,1.3999999999999986,42.4,0.0,0.0
33.90_81.80,33.9499999999999,81.84999999999921,33.899999999999906,33.99999999999991,81.79999999999922,81.89999999999921,0,0,0.4597943670178841,1629.451309598229,16.051552876673302,-2.4,-17.7,0.0,8.1,42,567.6,7,-6.314285714285715,0.0,15.299999999999999,-6.4,-0.3248000000000001,-3.1646511627906975
31.20_86.00,31.24999999999991,86.04999999999897,31.19999999999991,31.299999999999912,85.99999999999898,86.09999999999897,0,0,0.4326095342641765,2401.1206063322375,24.24262274538137,-0.1,-13.7,0.0,17.6,42,575.8,7,-1.1428571428571428,0.0,13.6,-4.1,-0.013533333333333336,-0.2865116279069768
30.20_82.60,30.24999999999992,82.64999999999917,30.199999999999918,30.29999999999992,82.59999999999917,82.69999999999916,0,0,0.3683991395296903,1828.3986804339343,19.443332203691096,-5.4,-17.4,0.0,10.6,54,557.8,7,-8.314285714285715,0.0,11.999999999999998,-3.4000000000000004,-0.5796000000000001,-7.2850909090909095
16.60_69.20,16.649999999999967,69.24999999999993,16.599999999999966,16.699999999999967,69.19999999999993,69.29999999999993,0,0,0.3536305941759573,235.55002768409997,3.2740646127136896,26.4,25.3,0.0,16.9,64,1012.9,7,26.428571428571427,0.0,1.0999999999999979,33.4,2.2176,48.047999999999995
25.30_94.20,25.349999999999934,94.24999999999851,25.299999999999933,25.399999999999935,94.19999999999851,94.2999999999985,1,5,0.8850901341220331,345.6809354632483,1.8355128191459902,24.0,9.7,0.0,13.8,36,850.3,7,22.857142857142858,0.0,14.3,17.0,3.5840000000000005,62.65945945945948
24.70_77.50,24.749999999999936,77.54999999999946,24.699999999999935,24.799999999999937,77.49999999999946,77.59999999999945,0,0,0.23370725997972502,163.03938519649444,1.5625389869598327,26.1,16.6,0.0,11.4,71,964.5,1,27.328571428571426,0.2571428571428572,9.5,36.6,0.2523,4.1325
16.10_74.00,16.149999999999967,74.04999999999966,16.099999999999966,16.199999999999967,73.99999999999966,74.09999999999965,0,0,0.6181551837247572,1121.6098408632924,10.764947623497171,34.8,21.8,0.0,18.7,55,944.9,7,34.00000000000001,0.0,12.999999999999996,37.3,3.6539999999999995,81.34499999999998
25.30_73.90,25.349999999999934,73.94999999999966,25.299999999999933,25.399999999999935,73.89999999999966,73.99999999999966,0,0,0.312279763291349,244.0961473046721,3.937909212187518,25.2,14.7,0.0,15.3,72,947.8,7,26.21428571428571,0.2285714285714286,10.5,36.2,1.6464,36.97150684931507
11.30_91.40,11.349999999999984,91.44999999999867,11.299999999999983,11.399999999999983,91.39999999999867,91.49999999999866,0,0,0.37892815562610827,81.43909401580737,0.0,28.5,27.5,5.0,30.1,81,1011.5,0,27.585714285714285,0.8428571428571429,1.0,44.0,0.0,0.0
13.10_74.40,13.149999999999977,74.44999999999963,13.099999999999977,13.199999999999976,74.39999999999964,74.49999999999963,0,0,0.7007533114484197,1275.3811787228815,12.958829423269112,28.5,27.5,0.0,29.7,82,1010.5,7,28.6,0.17142857142857143,1.0,44.5,1.1970000000000003,71.38734939759036
18.20_88.10,18.24999999999996,88.14999999999885,18.19999999999996,18.29999999999996,88.09999999999886,88.19999999999885,0,0,0.2202795214687431,235.28991666057158,0.5884859717744182,25.9,25.2,0.0,16.6,77,1014.5,7,25.47142857142857,0.0,0.6999999999999993,39.4,1.3899666666666666,38.58435897435897
31.60_72.70,31.64999999999991,72.74999999999973,31.59999999999991,31.69999999999991,72.69999999999973,72.79999999999973,0,0,0.44368343750928707,1641.589404857703,18.27305643999441,27.4,12.8,0.0,6.6,62,998.2,7,26.400000000000002,0.028571428571428574,14.599999999999998,33.4,2.429466666666667,20.09333333333333
31.40_90.20,31.449999999999914,90.24999999999874,31.399999999999913,31.499999999999915,90.19999999999874,90.29999999999873,0,0,0.8482098593054179,2627.479752020814,25.608556626800926,0.2,-12.2,0.0,23.4,33,574.1,7,-2.1,0.028571428571428574,12.399999999999999,-8.3,0.031266666666666665,0.9635294117647059
20.30_89.90,20.34999999999995,89.94999999999875,20.29999999999995,20.399999999999952,89.89999999999876,89.99999999999875,0,0,0.45509576197746004,461.10895816645126,2.6249501241972077,25.1,24.5,0.0,14.2,81,1014.6,7,25.128571428571426,0.0,0.6000000000000014,40.6,1.1127666666666662,30.42609756097561
19.90_95.70,19.949999999999953,95.74999999999842,19.899999999999952,19.999999999999954,95.69999999999843,95.79999999999842,0,0,0.17972385753819733,183.69460741568076,0.0,35.8,21.4,0.0,6.3,59,975.8,7,33.714285714285715,0.0,14.399999999999999,40.3,3.424866666666666,26.312999999999995
31.20_74.80,31.24999999999991,74.84999999999961,31.19999999999991,31.299999999999912,74.79999999999961,74.89999999999961,0,0,0.22693123081986638,1939.8127148336355,18.69051815568862,25.9,11.4,0.0,8.0,76,993.1,7,24.657142857142855,0.028571428571428574,14.499999999999998,38.9,1.4504,18.836363636363636
22.90_79.80,22.949999999999942,79.84999999999933,22.89999999999994,22.999999999999943,79.79999999999933,79.89999999999932,0,0,0.6224534418662108,174.49885048756613,0.395047068207494,28.7,16.9,0.0,13.7,61,970.5,7,29.157142857142862,0.0,11.8,34.2,2.6117,44.39241935483871
23.90_80.50,23.94999999999994,80.54999999999929,23.899999999999938,23.99999999999994,80.49999999999929,80.59999999999928,1,1,0.5674714871595531,190.2162938857199,3.042507984433108,30.9,18.4,0.1,11.8,48,975.5,7,31.2,0.0,12.5,29.9,3.7492,52.088571428571434
16.60_94.00,16.649999999999967,94.04999999999852,16.599999999999966,16.699999999999967,93.99999999999852,94.09999999999852,0,0,0.45753239189579065,215.07234007655845,0.8429251109267399,27.9,27.0,0.0,18.1,77,1013.0,7,26.942857142857143,0.014285714285714287,0.8999999999999986,41.4,1.4972999999999999,45.31961538461539
11.40_76.70,11.449999999999983,76.7499999999995,11.399999999999983,11.499999999999982,76.6999999999995,76.7999999999995,1,1,0.8510148138170996,523.833444186997,4.946185355510013,25.9,15.0,0.0,16.0,59,812.4,1,23.271428571428572,0.17142857142857143,10.899999999999999,30.4,0.35396666666666665,6.906666666666666
23.10_86.80,23.14999999999994,86.84999999999893,23.09999999999994,23.199999999999942,86.79999999999893,86.89999999999893,1,2,0.49342509544644997,435.5290497260446,5.971820935292129,32.6,18.5,0.0,8.6,50,998.4,7,30.071428571428577,0.0,14.100000000000001,32.6,3.8033333333333332,38.480784313725486
21.80_84.70,21.849999999999948,84.74999999999905,21.799999999999947,21.89999999999995,84.69999999999905,84.79999999999905,0,0,0.6244872421124799,52.10073436195007,0.0,33.2,18.1,0.0,11.5,44,989.0,7,31.214285714285715,0.0,15.100000000000001,30.200000000000003,4.338133333333334,59.39111111111111
18.50_95.40,18.549999999999958,95.44999999999844,18.499999999999957,18.59999999999996,95.39999999999844,95.49999999999844,0,0,0.16728155872510686,455.20934079193876,5.761149811365509,36.4,23.5,0.0,5.1,63,1008.9,7,34.72857142857142,0.0,12.899999999999999,42.9,3.1425333333333336,20.304375
16.00_86.80,16.049999999999965,86.84999999999893,15.999999999999966,16.099999999999966,86.79999999999893,86.89999999999893,0,0,0.38119123600861626,275.57514149094254,3.7983674038437663,26.5,25.7,0.0,22.0,76,1013.8,7,25.614285714285717,0.0,0.8000000000000007,39.5,1.484,53.0
25.20_75.70,25.249999999999932,75.74999999999956,25.199999999999932,25.299999999999933,75.69999999999956,75.79999999999956,1,3,0.17286017488155492,92.63659558849616,1.5269494747713797,26.8,16.6,0.0,11.0,75,987.5,1,28.02857142857143,0.2857142857142857,10.2,39.3,0.22333333333333333,3.878947368421053
23.40_81.10,23.449999999999942,81.14999999999925,23.39999999999994,23.499999999999943,81.09999999999926,81.19999999999925,0,0,0.6436603136737937,142.14168530477116,1.6564610129864785,28.1,15.9,0.0,14.3,59,965.4,7,28.25714285714286,0.0,12.200000000000001,32.6,2.6882333333333337,46.880166666666675
18.70_68.20,18.749999999999957,68.24999999999999,18.699999999999957,18.799999999999958,68.19999999999999,68.29999999999998,0,0,0.31231504168384494,72.97639274328003,0.0,25.6,24.6,0.0,10.2,65,1013.2,7,25.485714285714284,0.0,1.0,33.1,2.0906666666666665,27.694545454545455
31.30_90.10,31.349999999999913,90.14999999999874,31.299999999999912,31.399999999999913,90.09999999999874,90.19999999999874,0,0,0.7339683825073304,1409.7758650089445,14.602505496747165,-0.3,-11.6,0.0,23.0,31,567.7,7,-1.7285714285714289,0.07142857142857142,11.299999999999999,-9.8,-0.0483,-1.509375
10.30_76.90,10.349999999999987,76.94999999999949,10.299999999999986,10.399999999999986,76.8999999999995,76.99999999999949,1,2,0.8239302452855382,1165.5019487731242,11.441993505125748,28.8,16.4,0.0,14.5,62,890.8,7,27.157142857142855,0.0,12.400000000000002,34.8,2.5536000000000003,46.400000000000006
16.10_81.00,16.149999999999967,81.04999999999926,16.099999999999966,16.199999999999967,80.99999999999926,81.09999999999926,0,0,0.42968040809123886,646.7662981982501,7.031406770523974,33.1,20.8,0.0,12.6,72,1013.7,7,32.34285714285714,0.0,12.3,44.1,2.162533333333333,39.99205479452055
21.60_78.20,21.649999999999945,78.24999999999942,21.599999999999945,21.699999999999946,78.19999999999942,78.29999999999941,0,0,0.7970525487216154,319.732039493104,3.8150313990412457,29.5,17.8,0.2,15.8,49,936.9,7,28.714285714285715,0.0,11.7,29.0,3.5105,65.254
17.90_77.60,17.94999999999996,77.64999999999945,17.89999999999996,17.99999999999996,77.59999999999945,77.69999999999945,0,0,0.40693460116531666,182.66568545414495,3.2430078024329414,33.2,18.9,0.0,14.1,48,955.8,7,32.65714285714286,0.0,14.300000000000004,32.2,4.028266666666667,66.87428571428572
17.90_82.50,17.94999999999996,82.54999999999917,17.89999999999996,17.99999999999996,82.49999999999918,82.59999999999917,1,1,0.3999470514792026,1493.2020572821739,16.314413778509984,30.6,14.3,0.0,12.7,40,894.0,7,27.842857142857145,0.0,16.3,25.6,4.284,66.34975609756098
24.90_73.00,24.949999999999935,73.04999999999971,24.899999999999935,24.999999999999936,72.99999999999972,73.09999999999971,0,0,0.13966361922519185,360.0726488184504,3.9961605356652217,30.0,14.9,0.0,10.1,62,977.1,7,30.87142857142857,0.0,15.1,36.0,2.66,33.666666666666664
9.90_79.40,9.949999999999989,79.44999999999935,9.899999999999988,9.999999999999988,79.39999999999935,79.49999999999935,0,0,0.3608815119922587,69.9431853215083,2.348234632282967,26.9,25.2,1.1,30.3,86,1011.8,7,27.114285714285717,0.09999999999999999,1.6999999999999993,44.9,0.8787333333333334,65.5803448275862
7.90_87.80,7.949999999999995,87.84999999999887,7.899999999999995,7.999999999999995,87.79999999999887,87.89999999999887,0,0,0.27992302843489647,407.4336252892793,4.051626051889103,27.8,26.8,32.9,26.8,86,1010.1,0,27.685714285714283,12.12857142857143,1.0,45.8,0.0,0.0
23.30_78.60,23.34999999999994,78.6499999999994,23.29999999999994,23.39999999999994,78.5999999999994,78.69999999999939,1,13,0.5893910040497438,165.89757015391643,1.373336913080252,25.7,17.7,0.0,13.5,64,958.2,7,30.014285714285712,0.0,8.0,32.7,2.1588000000000003,37.363846153846154
18.30_73.30,18.34999999999996,73.3499999999997,18.299999999999958,18.39999999999996,73.2999999999997,73.3999999999997,1,25,0.6226342638266369,949.9831715606638,10.72511606035085,34.7,22.4,0.0,14.4,65,1001.9,7,34.2,0.0,12.300000000000004,42.2,2.8338333333333336,52.99636363636364
27.80_94.40,27.849999999999927,94.4499999999985,27.799999999999926,27.899999999999928,94.3999999999985,94.4999999999985,1,4,0.8653062571950109,296.6687550359196,4.299084773793913,27.5,12.8,0.0,14.9,52,912.2,4,25.400000000000002,0.5571428571428572,14.7,28.5,1.7599999999999998,30.92452830188679
25.90_85.80,25.949999999999932,85.84999999999899,25.89999999999993,25.999999999999932,85.79999999999899,85.89999999999898,1,1,0.40418593391047763,256.0148863702,3.2419682430072174,27.8,16.6,0.0,9.2,77,1010.1,7,26.671428571428574,0.0,11.2,41.3,1.4919333333333331,22.952820512820512
26.00_94.40,26.04999999999993,94.4499999999985,25.99999999999993,26.09999999999993,94.3999999999985,94.4999999999985,1,29,0.8079497605505414,350.9382910332048,2.428337197946154,24.5,14.1,0.5,10.3,64,927.6,7,23.400000000000002,0.014285714285714287,10.4,31.5,2.058,27.176153846153852
16.50_76.50,16.549999999999965,76.54999999999951,16.499999999999964,16.599999999999966,76.49999999999952,76.59999999999951,0,0,0.6455067587173272,1172.0356463851767,11.04193288070143,32.1,19.2,0.0,13.2,45,966.6,7,31.342857142857145,0.0,12.900000000000002,29.6,4.1195,64.4791304347826
26.60_95.30,26.64999999999993,95.34999999999845,26.59999999999993,26.699999999999932,95.29999999999845,95.39999999999844,1,7,0.8694915441496129,61.38054544092954,0.0,24.2,12.4,0.3,6.9,57,887.8,7,22.271428571428572,0.05714285714285715,11.799999999999999,27.7,2.428066666666667,20.152758620689653
26.40_71.80,26.44999999999993,71.84999999999978,26.399999999999928,26.49999999999993,71.79999999999978,71.89999999999978,0,0,0.16408901694634653,239.05487946765618,3.7276067019520576,30.1,17.8,0.0,10.9,46,990.9,7,30.571428571428573,0.0,12.3,28.1,3.7926,48.86446808510639
23.70_87.20,23.74999999999994,87.2499999999989,23.69999999999994,23.79999999999994,87.19999999999891,87.2999999999989,1,2,0.4781491473974627,281.33252232336224,1.5469762674346406,32.2,18.8,0.0,11.0,51,1006.0,7,29.928571428571427,0.0,13.400000000000002,32.7,3.6815333333333338,47.68076923076924
30.30_78.90,30.349999999999916,78.94999999999938,30.299999999999915,30.399999999999917,78.89999999999938,78.99999999999937,1,62,0.46756781584220575,2933.0363577280023,30.115410751672904,22.9,7.4,0.0,10.1,63,878.3,7,21.47142857142857,0.028571428571428574,15.499999999999998,29.4,1.9770333333333332,25.297343749999996
21.00_71.20,21.04999999999995,71.24999999999982,20.99999999999995,21.09999999999995,71.19999999999982,71.29999999999981,0,0,0.24591451050607752,414.0863409004411,4.2224885926112545,33.1,20.7,0.0,19.3,52,995.9,7,31.328571428571426,0.0,12.400000000000002,34.1,3.7071999999999994,84.37377358490566
8.10_70.60,8.149999999999995,70.64999999999985,8.099999999999994,8.199999999999994,70.59999999999985,70.69999999999985,0,0,0.2568467208456735,117.26403507778129,1.1257037586795744,28.1,27.6,0.3,19.7,78,1010.7,6,27.885714285714283,0.2571428571428572,0.5,42.1,1.2364000000000002,42.04329113924051
21.30_81.80,21.349999999999948,81.84999999999921,21.299999999999947,21.39999999999995,81.79999999999922,81.89999999999921,1,2,0.7890882903879494,380.38687102561545,2.354254217085058,33.5,18.0,0.0,7.7,52,982.6,7,31.742857142857144,0.0,15.5,34.5,3.752,34.0688679245283
30.60_93.70,30.649999999999917,93.74999999999854,30.599999999999916,30.699999999999918,93.69999999999854,93.79999999999853,0,0,0.8269562881765171,2725.1781549110783,28.15974830797008,-4.3,-13.2,1.1,10.2,69,556.4,5,-3.7285714285714286,0.34285714285714286,8.899999999999999,5.2,-0.2221666666666667,-3.132857142857142
22.00_82.30,22.049999999999944,82.34999999999918,21.999999999999943,22.099999999999945,82.29999999999919,82.39999999999918,1,1,0.6426586314985046,104.8413784618078,0.0,33.0,18.1,0.0,8.6,50,985.6,7,31.414285714285715,0.0,14.899999999999999,33.0,3.8500000000000005,38.95294117647059
8.70_97.10,8.749999999999993,97.14999999999834,8.699999999999992,8.799999999999992,97.09999999999835,97.19999999999834,0,0,0.1574607344726737,386.4931223698032,4.50173619556878,29.2,28.1,0.0,28.3,73,1011.2,0,28.842857142857145,7.8428571428571425,1.0999999999999979,40.7,0.0,0.0
24.30_72.20,24.349999999999937,72.24999999999976,24.299999999999937,24.399999999999938,72.19999999999976,72.29999999999976,0,0,0.3428086496668268,330.99680258793006,2.854081361389574,33.0,18.6,0.0,11.6,46,997.2,7,32.81428571428571,0.0,14.399999999999999,31.0,4.158000000000001,57.01276595744681
23.80_77.20,23.84999999999994,77.24999999999947,23.79999999999994,23.89999999999994,77.19999999999948,77.29999999999947,1,3,0.13799269866014574,112.5738829145814,0.16678281522619298,23.5,17.8,0.0,10.9,76,965.2,1,28.2,0.17142857142857146,5.699999999999999,36.5,0.188,3.326623376623377
23.70_93.60,23.74999999999994,93.64999999999854,23.69999999999994,23.79999999999994,93.59999999999854,93.69999999999854,0,0,0.7817442062096114,209.1033723492945,1.763095059215627,25.7,11.8,0.0,17.9,37,861.8,7,24.557142857142853,0.0,13.899999999999999,19.2,3.7779000000000003,84.74236842105263
31.50_74.80,31.549999999999912,74.84999999999961,31.49999999999991,31.599999999999913,74.79999999999961,74.89999999999961,0,0,0.25593930115909647,2569.996103780174,24.26486714861793,25.8,11.8,0.0,8.7,78,991.9,7,24.442857142857143,0.05714285714285715,14.0,39.8,1.3243999999999998,19.888860759493667
18.10_85.80,18.14999999999996,85.84999999999899,18.09999999999996,18.19999999999996,85.79999999999899,85.89999999999898,0,0,0.3034660931384352,115.39985018594459,0.5520104688688721,26.0,25.1,0.0,17.5,76,1014.6,7,25.728571428571428,0.0,0.8999999999999986,39.0,1.456,41.36363636363637
31.20_88.50,31.24999999999991,88.54999999999883,31.19999999999991,31.299999999999912,88.49999999999883,88.59999999999883,0,0,0.875613670703028,2180.3446844469236,21.70957828340798,-4.3,-12.9,1.3,17.3,44,541.1,7,-5.857142857142856,0.0,8.600000000000001,-7.3,-0.5618666666666667,-11.571777777777779
10.50_80.80,10.549999999999986,80.84999999999927,10.499999999999986,10.599999999999985,80.79999999999927,80.89999999999927,0,0,0.11247987374686388,463.7491502637298,5.717759579832245,27.1,26.5,8.2,28.9,83,1011.7,6,27.014285714285712,0.15714285714285717,0.6000000000000014,43.6,0.9214000000000003,55.94214285714286
15.30_74.80,15.34999999999997,74.84999999999961,15.299999999999969,15.399999999999968,74.79999999999961,74.89999999999961,1,9,0.7271802267439491,688.9589072583967,8.495605654368141,34.0,18.7,0.0,16.1,51,947.8,7,32.58571428571429,0.0,15.3,34.5,3.8873333333333333,73.68846153846155
26.70_90.90,26.74999999999993,90.9499999999987,26.69999999999993,26.79999999999993,90.8999999999987,90.99999999999869,1,99,0.8764036361471051,408.2469400607839,5.15544507898402,29.2,19.9,0.0,13.0,36,1005.1,7,27.185714285714283,0.0,9.3,22.2,4.360533333333333,71.8162162162162
26.50_69.40,26.54999999999993,69.44999999999992,26.49999999999993,26.59999999999993,69.39999999999992,69.49999999999991,0,0,0.3344173314791449,366.5085419420003,5.294164420214646,29.6,19.7,0.0,15.6,50,1010.4,7,29.75714285714286,0.0,9.900000000000002,29.6,3.4533333333333336,63.37882352941176
22.70_94.70,22.749999999999943,94.74999999999848,22.699999999999942,22.799999999999944,94.69999999999848,94.79999999999848,0,0,0.457152615936012,448.5241883221042,3.6100411598095237,31.0,19.2,0.0,8.4,70,999.0,7,28.685714285714287,0.0,11.8,41.0,2.170000000000001,25.67323943661972
7.40_75.70,7.449999999999997,75.74999999999956,7.399999999999997,7.4999999999999964,75.69999999999956,75.79999999999956,0,0,0.4546457915451544,244.69745716294887,1.3413358185606845,28.6,27.5,1.9,16.1,77,1010.2,0,28.642857142857146,0.8714285714285713,1.1000000000000014,42.1,0.0,0.0
33.60_95.60,33.6499999999999,95.64999999999843,33.5999999999999,33.6999999999999,95.59999999999843,95.69999999999843,0,0,0.7086830481554867,1486.107545424397,13.88743200125955,-1.4,-16.7,0.0,28.2,35,578.3,5,-4.042857142857143,0.35714285714285715,15.299999999999999,-8.9,-0.15166666666666664,-5.4833333333333325
13.10_70.20,13.149999999999977,70.24999999999987,13.099999999999977,13.199999999999976,70.19999999999987,70.29999999999987,0,0,0.31806871667204495,341.48553629879814,2.9622917848910233,27.1,26.2,0.0,19.5,71,1012.1,7,27.499999999999996,0.0,0.9000000000000021,37.6,1.8337666666666672,51.37708333333334
30.20_81.90,30.24999999999992,81.9499999999992,30.199999999999918,30.29999999999992,81.89999999999921,81.9999999999992,0,0,0.14793778001059765,1710.8744370218465,18.427537343722342,-9.6,-14.9,0.0,12.0,59,562.5,0,-10.985714285714284,0.19999999999999998,5.300000000000001,-5.1,-0.0,-0.0
31.00_73.60,31.049999999999915,73.64999999999968,30.999999999999915,31.099999999999916,73.59999999999968,73.69999999999968,0,0,0.18615326108991131,1938.077078986348,19.615479198759726,28.2,12.5,0.0,8.9,64,996.8,2,26.057142857142853,0.2285714285714286,15.7,35.2,0.6768,7.7224615384615385
17.50_80.90,17.54999999999996,80.94999999999926,17.49999999999996,17.599999999999962,80.89999999999927,80.99999999999926,1,9,0.3162007669732625,592.9668498394525,4.492494822034982,34.5,18.3,0.0,11.9,59,1001.1,7,32.6,0.0,16.2,39.0,3.3005,47.8975
11.20_87.70,11.249999999999984,87.74999999999888,11.199999999999983,11.299999999999983,87.69999999999888,87.79999999999887,0,0,0.4513994689570805,291.43020355186457,1.8032992913041004,27.2,26.0,25.8,31.7,87,1011.6,0,27.04285714285714,0.3,1.1999999999999993,45.7,0.0,0.0
35.20_92.40,35.24999999999989,92.44999999999861,35.199999999999896,35.2999999999999,92.39999999999861,92.49999999999861,0,0,0.8653281687471277,2942.6482017832786,28.26814738990958,-3.0,-19.4,0.0,32.5,25,558.2,1,-7.6571428571428575,0.38571428571428573,16.4,-15.5,-0.07500000000000001,-3.75
27.80_79.60,27.849999999999927,79.64999999999934,27.799999999999926,27.899999999999928,79.59999999999934,79.69999999999933,0,0,0.4024975625008439,462.94527745549266,4.092863132764037,27.8,13.1,0.0,8.5,74,998.9,1,25.985714285714288,0.3,14.700000000000001,39.8,0.24093333333333333,3.150666666666667
34.80_90.70,34.849999999999895,90.7499999999987,34.7999999999999,34.8999999999999,90.69999999999871,90.7999999999987,0,0,0.8450405322582628,2681.343972728659,27.69164564605609,-3.8,-17.7,0.0,28.5,40,550.5,7,-7.8,0.15714285714285717,13.899999999999999,-8.8,-0.5319999999999999,-18.490243902439026
26.20_78.70,26.249999999999932,78.74999999999939,26.199999999999932,26.299999999999933,78.69999999999939,78.79999999999939,0,0,0.2859734728047937,255.25626176662942,0.6062620696834586,26.0,15.4,0.0,8.0,82,999.3,1,26.62857142857143,0.14285714285714285,10.6,42.0,0.15600000000000006,2.5060240963855422
24.60_69.70,24.649999999999938,69.7499999999999,24.599999999999937,24.69999999999994,69.6999999999999,69.7999999999999,0,0,0.21130964690732124,89.40932983302463,0.7312861163918238,31.1,19.5,0.0,13.9,50,1011.6,7,29.557142857142857,0.0,11.600000000000001,31.1,3.628333333333333,59.33392156862745
7.20_94.40,7.249999999999997,94.4499999999985,7.1999999999999975,7.299999999999997,94.3999999999985,94.4999999999985,0,0,0.19131228243948462,388.9378583165266,3.6971742708805686,28.5,27.5,4.8,35.3,79,1010.5,0,28.442857142857143,9.471428571428573,1.0,43.0,0.0,0.0
33.60_83.90,33.6499999999999,83.9499999999991,33.5999999999999,33.6999999999999,83.8999999999991,83.99999999999909,0,0,0.38581579798238286,1063.2883299287344,11.844101589597253,-1.7,-17.2,0.0,17.4,28,556.1,7,-5.942857142857143,0.0,15.5,-12.7,-0.28559999999999997,-7.14
27.40_79.90,27.44999999999993,79.94999999999932,27.399999999999928,27.49999999999993,79.89999999999932,79.99999999999932,1,1,0.20962757375582053,135.60013993611688,1.7253124481599686,27.9,13.5,0.0,9.3,75,1000.9,7,26.2,0.04285714285714286,14.399999999999999,40.4,1.6275,23.89855263157895
35.40_74.70,35.449999999999896,74.74999999999962,35.3999999999999,35.4999999999999,74.69999999999962,74.79999999999961,0,0,0.20882576293219102,2883.5875963002054,27.217456603489662,6.9,-3.0,0.0,12.5,25,641.5,7,3.2857142857142856,0.0,9.9,-5.6,1.2075,23.221153846153847
7.00_72.30,7.049999999999998,72.34999999999975,6.999999999999998,7.099999999999998,72.29999999999976,72.39999999999975,0,0,0.10713624623066131,99.57857295030276,0.9993435405074665,28.5,27.5,0.0,17.9,78,1010.4,0,27.97142857142857,0.42857142857142855,1.0,42.5,0.0,0.0
19.00_88.70,19.049999999999958,88.74999999999882,18.999999999999957,19.09999999999996,88.69999999999882,88.79999999999882,0,0,0.17783750365295936,489.2168379168642,3.4397521063764223,25.3,24.6,0.0,14.3,82,1014.6,7,25.171428571428574,0.0,0.6999999999999993,41.3,1.0626000000000002,30.51240963855422
26.50_82.60,26.54999999999993,82.64999999999917,26.49999999999993,26.59999999999993,82.59999999999917,82.69999999999916,1,2,0.4509696190042285,69.83629913555532,0.0,29.4,15.4,0.0,9.5,68,1005.5,7,26.342857142857145,0.0,13.999999999999998,38.4,2.1951999999999994,28.334782608695654
26.20_94.70,26.249999999999932,94.74999999999848,26.199999999999932,26.299999999999933,94.69999999999848,94.79999999999848,1,9,0.725990783767252,58.147187444063036,0.1164127234311404,22.5,12.8,0.1,16.4,48,850.8,7,20.614285714285717,0.014285714285714287,9.7,21.5,2.73,52.71428571428571
34.50_75.80,34.5499999999999,75.84999999999955,34.4999999999999,34.5999999999999,75.79999999999956,75.89999999999955,0,0,0.2549018464968653,2457.7500090092026,25.22289229737875,-13.6,-20.4,0.0,5.9,47,536.2,6,-16.299999999999997,0.3,6.799999999999999,-15.1,-1.4416,-10.030000000000001
23.30_88.20,23.34999999999994,88.24999999999885,23.29999999999994,23.39999999999994,88.19999999999885,88.29999999999885,0,0,0.8376766186588473,436.4540573534919,5.455597548550064,30.9,17.2,0.0,7.9,68,1013.2,7,28.442857142857147,0.0,13.7,39.9,2.3071999999999995,24.76478260869565
17.80_82.10,17.849999999999962,82.1499999999992,17.79999999999996,17.899999999999963,82.0999999999992,82.19999999999919,1,14,0.10868422555278978,1183.4392011269317,12.13553102282297,29.9,12.0,0.0,10.8,46,890.0,7,27.11428571428571,0.0,17.9,27.9,3.7674000000000003,48.094468085106385
15.80_80.00,15.849999999999968,80.04999999999932,15.799999999999967,15.899999999999967,79.99999999999932,80.09999999999931,0,0,0.3571022672510543,1140.5483844278856,9.466629261274669,32.6,20.8,0.0,13.2,72,1007.9,7,32.0,0.0,11.8,43.6,2.129866666666667,41.263561643835615
10.10_91.90,10.149999999999988,91.94999999999864,10.099999999999987,10.199999999999987,91.89999999999864,91.99999999999864,0,0,0.4837101393273149,242.15700748327342,4.25457939289607,28.3,27.5,12.6,31.3,82,1011.1,0,27.942857142857143,3.042857142857143,0.8000000000000007,44.3,0.0,0.0
14.90_77.30,14.94999999999997,77.34999999999947,14.89999999999997,14.99999999999997,77.29999999999947,77.39999999999947,0,0,0.3701661917983222,83.92537828202578,1.0025337886509926,32.6,19.7,0.0,15.3,53,962.2,7,31.671428571428578,0.0,12.900000000000002,34.1,3.575133333333333,64.65666666666667
25.30_94.40,25.349999999999934,94.4499999999985,25.299999999999933,25.399999999999935,94.3999999999985,94.4999999999985,1,1,0.8242145424626766,221.77357962765655,2.1810411258579463,24.5,7.7,0.0,11.8,54,859.5,7,23.885714285714283,0.0,16.8,26.5,2.6296666666666666,36.79454545454546
22.70_79.80,22.749999999999943,79.84999999999933,22.699999999999942,22.799999999999944,79.79999999999933,79.89999999999932,0,0,0.6156335559748538,196.0897967090369,0.8903912008416361,28.6,17.2,0.0,16.3,57,957.4,7,28.185714285714287,0.0,11.400000000000002,32.1,2.869533333333334,56.263103448275864
35.30_89.60,35.349999999999895,89.64999999999877,35.2999999999999,35.3999999999999,89.59999999999877,89.69999999999877,0,0,0.7032470683863195,2178.5112648345944,20.184739824289924,-2.2,-16.2,0.0,28.2,28,562.2,7,-7.0,0.2714285714285714,14.0,-13.2,-0.3696,-14.975172413793105
34.00_69.60,34.0499999999999,69.6499999999999,33.9999999999999,34.0999999999999,69.59999999999991,69.6999999999999,0,0,0.41140686091835643,1545.3160964086035,17.07867719670136,9.5,1.6,0.0,10.6,40,733.8,2,5.185714285714285,1.8857142857142857,7.9,4.5,0.37999999999999995,4.912195121951219
32.00_82.10,32.049999999999905,82.1499999999992,31.999999999999908,32.09999999999991,82.0999999999992,82.19999999999919,0,0,0.24327904704846195,2552.452882216086,26.915367729942467,-0.7,-17.4,0.0,7.4,46,566.0,7,-3.0428571428571436,0.028571428571428574,16.7,-2.7,-0.0882,-0.7714893617021276
32.20_83.30,32.24999999999991,83.34999999999913,32.19999999999991,32.29999999999991,83.29999999999913,83.39999999999912,0,0,0.4047528173364512,2915.7025055995437,28.79011352476609,-3.7,-15.7,0.0,13.8,36,540.5,7,-6.1000000000000005,0.0,12.0,-10.7,-0.5525333333333334,-9.66
22.10_70.70,22.149999999999945,70.74999999999984,22.099999999999945,22.199999999999946,70.69999999999985,70.79999999999984,0,0,0.10158841990067069,276.9794313902875,3.2330111167937443,33.1,18.7,0.0,14.8,45,993.6,7,31.08571428571429,0.0,14.400000000000002,30.6,4.247833333333333,74.54695652173913
9.90_80.40,9.949999999999989,80.44999999999929,9.899999999999988,9.999999999999988,80.3999999999993,80.49999999999929,0,0,0.16669547547283675,85.53761440438616,0.0,27.0,26.2,9.3,27.7,85,1011.7,6,27.014285714285712,0.24285714285714285,0.8000000000000007,44.5,0.8100000000000002,52.17906976744186
20.30_77.90,20.34999999999995,77.94999999999943,20.29999999999995,20.399999999999952,77.89999999999944,77.99999999999943,1,1,0.25440203251910815,454.7636847364465,3.0223233364711843,34.0,21.2,0.0,11.8,51,977.8,7,33.285714285714285,0.0,12.8,34.5,3.8873333333333333,54.00769230769232
16.50_84.20,16.549999999999965,84.24999999999908,16.499999999999964,16.599999999999966,84.19999999999908,84.29999999999907,0,0,0.34544827596270067,81.45567737845252,1.9051390371714663,26.4,26.0,0.0,21.6,77,1014.0,7,26.1,0.0,0.3999999999999986,39.9,1.4167999999999998,51.17538461538462
21.50_94.80,21.549999999999947,94.84999999999847,21.499999999999947,21.599999999999948,94.79999999999848,94.89999999999847,0,0,0.41595676485419275,312.90668669169565,2.2966391944646887,33.9,20.0,0.1,12.0,52,981.1,7,31.185714285714283,0.0,13.899999999999999,34.9,3.7967999999999993,53.728301886792444
30.60_74.30,30.649999999999917,74.34999999999964,30.599999999999916,30.699999999999918,74.29999999999964,74.39999999999964,0,0,0.3134749824409329,2627.608968495475,26.51038767217977,27.6,12.7,0.0,7.6,66,996.6,2,25.67142857142857,0.21428571428571427,14.900000000000002,35.6,0.6255999999999999,6.2614925373134325
15.40_84.70,15.449999999999969,84.74999999999905,15.399999999999968,15.499999999999968,84.69999999999905,84.79999999999905,0,0,0.45314616688654363,437.7430358114608,5.165356356465167,26.5,25.9,0.0,24.1,77,1013.6,7,26.085714285714282,0.0,0.6000000000000014,40.0,1.4221666666666666,57.31474358974361
19.60_88.90,19.649999999999952,88.94999999999881,19.59999999999995,19.699999999999953,88.89999999999881,88.9999999999988,0,0,0.3387650433939764,189.70003745917595,3.154351409638763,25.3,24.5,0.0,14.2,82,1014.7,7,25.12857142857143,0.0,0.8000000000000007,41.3,1.0626000000000002,30.29903614457831
25.50_78.40,25.549999999999933,78.4499999999994,25.499999999999932,25.599999999999934,78.39999999999941,78.4999999999994,1,1,0.1575054590635653,110.496656162298,1.6635908852410772,27.3,16.1,0.0,9.8,74,988.5,7,28.71428571428572,0.05714285714285715,11.2,39.3,1.6562000000000001,24.9704
26.10_68.10,26.14999999999993,68.14999999999999,26.09999999999993,26.199999999999932,68.1,68.19999999999999,0,0,0.1262832498799841,64.947133122519,0.7497065445831907,29.0,19.0,0.0,22.0,49,1013.6,7,29.02857142857143,0.08571428571428572,10.0,28.5,3.451,89.32
17.70_82.40,17.74999999999996,82.44999999999918,17.69999999999996,17.79999999999996,82.39999999999918,82.49999999999918,1,12,0.1246379864436142,808.4684407626329,9.384239473103541,31.5,17.3,0.0,14.8,38,936.7,7,29.442857142857147,0.0,14.2,25.5,4.557,83.67692307692309
29.90_85.80,29.949999999999918,85.84999999999899,29.899999999999917,29.99999999999992,85.79999999999899,85.89999999999898,0,0,0.39343077799091664,1724.9775609556566,16.99145151248613,-5.6,-14.3,0.3,21.3,51,535.8,7,-5.171428571428571,0.0,8.700000000000001,-5.1,-0.6402666666666667,-16.056923076923077
21.50_93.50,21.549999999999947,93.54999999999855,21.499999999999947,21.599999999999948,93.49999999999855,93.59999999999854,0,0,0.4546755844251207,431.7646821303355,2.7711459573709707,26.1,15.3,0.0,15.2,52,850.2,7,26.11428571428571,0.0,10.8,27.1,2.9232,52.396981132075474
7.00_83.70,7.049999999999998,83.7499999999991,6.999999999999998,7.099999999999998,83.69999999999911,83.7999999999991,0,0,0.3374828073291632,335.809489969882,4.726588323517108,27.3,26.6,15.3,23.5,86,1010.2,0,27.385714285714283,26.199999999999996,0.6999999999999993,45.3,0.0,0.0
35.30_94.20,35.349999999999895,94.24999999999851,35.2999999999999,35.3999999999999,94.19999999999851,94.2999999999985,0,0,0.7032321454997053,2283.0587019309987,21.021894326391823,-0.7,-16.4,0.0,32.4,26,585.4,7,-4.8,0.07142857142857142,15.7,-12.7,-0.12086666666666666,-5.879999999999999
33.40_78.50,33.4499999999999,78.5499999999994,33.399999999999906,33.49999999999991,78.4999999999994,78.5999999999994,0,0,0.3517713366965466,2713.498750004495,26.0329155979146,-7.4,-17.5,0.0,17.4,25,529.3,7,-12.185714285714285,0.0,10.1,-19.9,-1.2950000000000002,-34.66615384615385
26.10_92.90,26.14999999999993,92.94999999999858,26.09999999999993,26.199999999999932,92.89999999999858,92.99999999999858,1,16,0.9364763504662201,452.4418704201493,5.585197126432702,29.1,15.7,0.0,7.4,59,1006.6,7,29.342857142857145,0.014285714285714287,13.400000000000002,33.6,2.7839000000000005,25.123
27.60_91.90,27.649999999999924,91.94999999999864,27.599999999999923,27.699999999999925,91.89999999999864,91.99999999999864,1,1,0.7217548165990648,198.8027446958623,2.2085731812438176,8.6,-3.2,0.0,10.3,32,636.6,7,6.742857142857143,0.0,11.8,-0.40000000000000036,1.3645333333333334,18.78969696969697
35.10_84.90,35.14999999999989,84.94999999999904,35.099999999999895,35.199999999999896,84.89999999999904,84.99999999999903,0,0,0.27134665183442097,2800.7445905206887,28.562516381802762,-3.6,-19.0,0.0,22.7,34,553.3,7,-7.185714285714285,0.08571428571428572,15.4,-11.6,-0.5544,-16.343999999999998
30.20_94.30,30.24999999999992,94.3499999999985,30.199999999999918,30.29999999999992,94.2999999999985,94.3999999999985,0,0,0.7307936540504025,1743.5325421731554,16.936367237832336,-9.1,-12.7,0.8,6.8,83,553.4,0,-10.700000000000001,3.057142857142857,3.5999999999999996,7.4,-0.0,-0.0
20.20_85.10,20.249999999999954,85.14999999999903,20.199999999999953,20.299999999999955,85.09999999999903,85.19999999999902,0,0,0.297072940763928,76.12206104288401,0.0,34.0,16.0,0.0,11.6,55,992.9,7,31.757142857142856,0.0,18.0,36.5,3.57,49.3
32.70_88.40,32.7499999999999,88.44999999999884,32.6999999999999,32.799999999999905,88.39999999999884,88.49999999999883,0,0,0.7527979393619746,2714.9872230174788,29.030009707928023,-3.4,-13.7,0.0,20.0,33,558.1,7,-5.8999999999999995,0.07142857142857142,10.299999999999999,-11.9,-0.5315333333333333,-14.0
13.30_92.30,13.349999999999977,92.34999999999862,13.299999999999976,13.399999999999975,92.29999999999862,92.39999999999861,0,0,0.21903960930272579,176.05912626769495,2.090221471492554,28.1,27.6,0.0,27.5,83,1012.3,0,27.442857142857143,0.4714285714285714,0.5,44.6,0.0,0.0
32.70_85.60,32.7499999999999,85.649999999999,32.6999999999999,32.799999999999905,85.599999999999,85.699999999999,0,0,0.35306057094974375,2309.2882228406847,21.571344040347824,-2.1,-14.6,0.0,18.3,32,548.4,7,-5.428571428571429,0.028571428571428574,12.5,-11.1,-0.3332,-8.151818181818182
30.70_73.90,30.749999999999915,73.94999999999966,30.699999999999914,30.799999999999915,73.89999999999966,73.99999999999966,0,0,0.4381333334344294,2457.405253962119,26.001339100964334,28.1,12.6,0.0,8.9,65,997.5,2,25.97142857142857,0.31428571428571433,15.500000000000002,35.6,0.6556666666666667,7.578484848484849
36.20_85.30,36.24999999999989,85.34999999999901,36.199999999999896,36.2999999999999,85.29999999999902,85.39999999999901,0,0,0.4225228061175842,1165.6200009901954,10.672817376730915,-4.6,-17.3,0.0,31.6,27,554.1,5,-8.828571428571427,0.35714285714285715,12.700000000000001,-16.1,-0.5596666666666666,-25.957142857142856
12.30_79.50,12.34999999999998,79.54999999999934,12.29999999999998,12.399999999999979,79.49999999999935,79.59999999999934,0,0,0.3259213902903958,1351.767643557739,11.607357774795911,31.7,22.3,0.0,15.4,75,1002.6,7,31.22857142857143,0.0,9.399999999999999,44.2,1.8491666666666666,44.96394736842105
35.10_70.10,35.14999999999989,70.14999999999988,35.099999999999895,35.199999999999896,70.09999999999988,70.19999999999987,0,0,0.38310603581129443,1834.2723133534118,18.602230614662396,10.6,3.7,0.0,16.9,38,758.9,7,7.757142857142857,0.0,6.8999999999999995,4.6,1.5334666666666665,32.153333333333336
20.00_82.50,20.04999999999995,82.54999999999917,19.99999999999995,20.09999999999995,82.49999999999918,82.59999999999917,1,4,0.7162351569124261,185.1372655744928,3.609165063272611,33.6,19.1,0.0,10.6,45,983.3,7,31.928571428571423,0.0,14.5,31.1,4.312000000000001,54.198260869565225
21.60_89.70,21.649999999999945,89.74999999999876,21.599999999999945,21.699999999999946,89.69999999999877,89.79999999999876,0,0,0.20613286948215293,101.61697501206007,0.9966817985264054,25.1,23.7,0.0,10.2,81,1014.6,7,24.414285714285715,0.0,1.4000000000000021,40.6,1.1127666666666662,21.855365853658537
12.00_70.00,12.049999999999981,70.04999999999988,11.99999999999998,12.09999999999998,69.99999999999989,70.09999999999988,0,0,0.481102426571701,495.06071682659206,6.679674475337864,27.5,26.2,0.0,20.5,73,1011.9,7,27.485714285714284,0.0,1.3000000000000007,39.0,1.7325,53.3277027027027
19.40_84.70,19.449999999999957,84.74999999999905,19.399999999999956,19.499999999999957,84.69999999999905,84.79999999999905,0,0,0.3739534526821021,205.90591160455253,0.3874157074299234,33.8,16.5,0.0,15.3,56,1011.8,7,31.657142857142862,0.0,17.299999999999997,36.8,3.470133333333332,63.508421052631576
22.90_81.00,22.949999999999942,81.04999999999926,22.89999999999994,22.999999999999943,80.99999999999926,81.09999999999926,1,2,0.5590666630762575,284.4906030744706,1.0548476194976746,29.2,11.6,0.0,14.4,55,938.2,7,28.271428571428572,0.0,17.6,31.7,3.0659999999999994,52.56
32.90_79.80,32.9499999999999,79.84999999999933,32.899999999999906,32.99999999999991,79.79999999999933,79.89999999999932,0,0,0.17444843459970205,1698.1550591652735,17.686204604350014,1.1,-13.6,0.0,13.4,26,586.8,7,-3.7,0.014285714285714287,14.7,-10.9,0.18993333333333332,3.8214814814814817
21.40_72.60,21.44999999999995,72.64999999999974,21.39999999999995,21.49999999999995,72.59999999999974,72.69999999999973,0,0,0.3508490169877163,386.24717291640206,5.101560958616545,26.2,23.7,0.0,18.8,75,1012.3,7,25.728571428571428,0.0,2.5,38.7,1.5283333333333333,45.36736842105263
8.60_87.10,8.649999999999993,87.14999999999891,8.599999999999993,8.699999999999992,87.09999999999891,87.19999999999891,0,0,0.21774824381880778,397.69975698294036,4.13450212748415,27.9,26.6,35.6,29.6,85,1010.2,0,27.642857142857142,7.500000000000001,1.2999999999999972,45.4,0.0,0.0
32.50_68.30,32.549999999999905,68.34999999999998,32.49999999999991,32.59999999999991,68.29999999999998,68.39999999999998,0,0,0.2793074151854693,1714.5825151666131,15.391717815390468,15.3,0.6,0.0,9.0,50,799.8,3,13.585714285714285,0.42857142857142855,14.700000000000001,15.3,0.765,8.1
17.50_74.00,17.54999999999996,74.04999999999966,17.49999999999996,17.599999999999962,73.99999999999966,74.09999999999965,1,2,0.8869681998510345,816.4474259448377,9.291390190702653,32.2,19.9,0.0,16.8,52,944.0,7,31.02857142857143,0.0,12.300000000000004,33.2,3.6064000000000003,71.44754716981133
33.40_71.00,33.4499999999999,71.04999999999983,33.399999999999906,33.49999999999991,70.99999999999983,71.09999999999982,0,0,0.24848009073447505,2571.7804810910575,26.88719773730998,23.4,8.9,0.0,13.4,52,928.2,7,22.0,0.15714285714285717,14.499999999999998,24.4,2.6207999999999996,41.41358490566038
28.30_86.00,28.349999999999923,86.04999999999897,28.299999999999923,28.399999999999924,85.99999999999898,86.09999999999897,0,0,0.3758606712734007,1366.0260103822866,11.884649981689144,-5.5,-13.7,2.0,12.2,70,599.0,0,-2.185714285714286,0.14285714285714285,8.2,4.5,-0.0,-0.0
31.70_71.30,31.74999999999991,71.34999999999981,31.69999999999991,31.799999999999912,71.29999999999981,71.3999999999998,0,0,0.14474184117761657,1078.7301287911068,12.260749853830472,27.7,15.1,0.0,8.8,61,997.7,2,25.571428571428577,0.2571428571428572,12.6,33.2,0.7202000000000001,7.863225806451614
21.40_92.10,21.44999999999995,92.14999999999863,21.39999999999995,21.49999999999995,92.09999999999863,92.19999999999862,0,0,0.49781031563692635,58.03252421086498,0.5944874801766002,33.3,19.7,0.0,13.0,59,1012.1,7,31.35714285714286,0.0,13.599999999999998,37.8,3.1857,50.504999999999995
18.80_68.70,18.849999999999955,68.74999999999996,18.799999999999955,18.899999999999956,68.69999999999996,68.79999999999995,0,0,0.40825862875566077,325.0647939549023,1.4849720482143183,26.3,24.6,0.0,10.0,64,1013.1,7,25.785714285714285,0.0,1.6999999999999993,33.3,2.2092,28.323076923076922
29.00_70.60,29.049999999999923,70.64999999999985,28.999999999999922,29.099999999999923,70.59999999999985,70.69999999999985,0,0,0.3360605461723539,2183.2063753603866,20.09884528096748,29.0,16.0,0.0,8.2,59,1007.0,2,28.67142857142857,0.42857142857142855,13.0,33.5,0.7926666666666667,7.926666666666666
29.50_84.70,29.54999999999992,84.74999999999905,29.49999999999992,29.59999999999992,84.69999999999905,84.79999999999905,0,0,0.39151535778570856,1288.820125608942,14.06568514202661,1.8,-9.8,0.0,9.1,49,584.7,7,2.3714285714285714,0.0,11.600000000000001,1.3,0.21420000000000003,2.2932
25.90_82.40,25.949999999999932,82.44999999999918,25.89999999999993,25.999999999999932,82.39999999999918,82.49999999999918,1,1,0.28559387855445506,321.5467669478417,3.342387748555338,29.4,17.4,0.0,8.6,70,1005.8,7,26.614285714285717,0.0,12.0,39.4,2.0580000000000003,24.92788732394366
18.80_78.50,18.849999999999955,78.5499999999994,18.799999999999955,18.899999999999956,78.4999999999994,78.5999999999994,1,4,0.3757550906774607,816.7880676225292,7.995860745665865,31.8,19.0,0.0,12.4,59,975.4,7,31.45714285714286,0.0,12.8,36.3,3.0422000000000002,46.004
11.90_77.90,11.949999999999982,77.94999999999943,11.89999999999998,11.99999999999998,77.89999999999944,77.99999999999943,0,0,0.47052653976915726,255.2282867783574,2.0463927778723416,33.2,21.2,0.0,20.1,63,963.4,7,33.18571428571428,0.0,12.000000000000004,39.7,2.8662666666666667,72.98812500000001
9.20_96.60,9.249999999999991,96.64999999999837,9.19999999999999,9.29999999999999,96.59999999999837,96.69999999999837,0,0,0.4757486260405889,323.5394502669723,4.2339129062599365,29.0,28.5,0.2,25.9,73,1011.2,1,28.671428571428574,5.985714285714287,0.5,40.5,0.261,10.149999999999999
6.50_95.70,6.55,95.74999999999842,6.5,6.6,95.69999999999843,95.79999999999842,0,0,0.11094283048499509,473.62695012178665,3.942878312437723,28.9,27.5,2.1,35.7,77,1010.5,0,28.47142857142857,17.257142857142856,1.3999999999999986,42.4,0.0,0.0
26.90_72.80,26.94999999999993,72.84999999999972,26.899999999999928,26.99999999999993,72.79999999999973,72.89999999999972,0,0,0.1353873841083858,102.52575511584737,0.0,29.3,16.9,0.0,12.4,50,981.2,7,30.32857142857143,0.07142857142857142,12.400000000000002,29.3,3.4183333333333334,49.86745098039215
16.80_74.00,16.849999999999962,74.04999999999966,16.79999999999996,16.899999999999963,73.99999999999966,74.09999999999965,1,2,0.6587814440833838,1409.705297145225,13.751708373669738,32.9,18.4,0.0,13.9,62,941.3,7,31.328571428571426,0.0,14.5,38.9,2.9171333333333336,50.812222222222225
25.60_91.70,25.64999999999993,91.74999999999865,25.59999999999993,25.699999999999932,91.69999999999865,91.79999999999865,1,5,0.9285947537337682,206.91477784825534,1.4575328179342666,24.0,14.2,0.2,10.8,56,910.7,7,23.057142857142857,0.08571428571428573,9.8,27.0,2.464,31.831578947368428
24.40_84.80,24.449999999999935,84.84999999999904,24.399999999999935,24.499999999999936,84.79999999999905,84.89999999999904,1,1,0.5565551497699323,445.9286650152066,2.656940422774694,31.0,12.0,0.0,9.0,61,996.8,7,28.742857142857144,0.0,19.0,36.5,2.8210000000000006,31.5
26.20_74.30,26.249999999999932,74.34999999999964,26.199999999999932,26.299999999999933,74.29999999999964,74.39999999999964,0,0,0.49237191914193656,180.24561173677387,3.271749523239845,27.3,14.9,0.0,12.9,69,969.3,1,28.34285714285715,0.5857142857142856,12.4,36.8,0.2821000000000001,5.031000000000001
7.50_91.60,7.549999999999996,91.64999999999866,7.4999999999999964,7.599999999999996,91.59999999999866,91.69999999999865,0,0,0.36393866181013446,122.05355670290109,1.7848680254323914,28.2,27.4,15.3,32.0,82,1010.3,0,28.057142857142857,10.1,0.8000000000000007,44.2,0.0,0.0
19.20_72.90,19.249999999999954,72.94999999999972,19.199999999999953,19.299999999999955,72.89999999999972,72.99999999999972,1,2,0.4391251106038192,160.6021791383186,1.1963744614760652,32.7,22.6,0.0,10.4,69,1000.6,7,30.914285714285715,0.0,10.100000000000001,42.2,2.365300000000001,34.008
25.00_73.40,25.049999999999937,73.44999999999969,24.999999999999936,25.099999999999937,73.3999999999997,73.49999999999969,1,1,0.10515616505522325,347.7828432621267,2.5606363538654757,27.6,17.7,0.0,17.9,55,911.8,7,28.071428571428566,0.0,9.900000000000002,30.1,2.8979999999999997,61.754999999999995
25.30_76.30,25.349999999999934,76.34999999999953,25.299999999999933,25.399999999999935,76.29999999999953,76.39999999999952,0,0,0.38363321234393244,226.10135304080418,3.2204529065231515,26.9,16.1,0.0,11.2,78,992.0,1,28.04285714285714,0.35714285714285715,10.799999999999997,40.9,0.19726666666666662,3.813670886075949
11.60_82.60,11.649999999999983,82.64999999999917,11.599999999999982,11.699999999999982,82.59999999999917,82.69999999999916,0,0,0.3130508179936449,272.1954966674898,3.862072206295522,27.3,26.8,2.2,30.5,81,1011.9,7,26.757142857142856,0.0,0.5,42.8,1.2102999999999997,71.07987804878049
31.40_89.00,31.449999999999914,89.0499999999988,31.399999999999913,31.499999999999915,88.9999999999988,89.0999999999988,0,0,0.8632533843131611,1238.6409550197855,11.614721076596725,0.4,-12.3,0.0,12.6,46,580.9,7,-1.214285714285714,0.014285714285714287,12.700000000000001,-1.6,0.05040000000000001,0.7506382978723405
26.80_88.40,26.849999999999927,88.44999999999884,26.799999999999926,26.899999999999928,88.39999999999884,88.49999999999883,1,3,0.769000241220427,320.16524947888126,2.5957100520631933,29.8,16.3,0.0,14.1,57,993.5,7,27.728571428571424,0.0,13.5,33.3,2.989933333333334,50.71137931034483
18.50_73.50,18.549999999999958,73.54999999999968,18.499999999999957,18.59999999999996,73.49999999999969,73.59999999999968,1,9,0.6421271360150473,1326.6921769680744,14.03548631575368,33.5,22.4,0.0,16.2,53,934.9,7,32.84285714285714,0.0,11.100000000000001,35.0,3.673833333333333,70.35
23.30_70.50,23.34999999999994,70.54999999999986,23.29999999999994,23.39999999999994,70.49999999999986,70.59999999999985,1,2,0.1758151626079,286.10181901546616,3.4347238751701963,33.4,18.1,0.0,15.2,41,1006.6,7,31.814285714285713,0.0,15.299999999999997,28.9,4.598066666666667,84.61333333333333
23.70_89.80,23.74999999999994,89.84999999999876,23.69999999999994,23.79999999999994,89.79999999999876,89.89999999999876,0,0,0.7498689384623891,129.79996160845394,0.6009033882430057,29.5,19.9,0.0,6.1,71,1014.2,7,27.414285714285715,0.0,9.600000000000001,40.0,1.9961666666666669,17.49513888888889
24.30_78.60,24.349999999999937,78.6499999999994,24.299999999999937,24.399999999999938,78.5999999999994,78.69999999999939,1,2,0.7285156321516363,457.5105190406326,3.4912490621037002,26.6,17.9,0.0,8.8,67,969.4,7,30.157142857142862,0.1142857142857143,8.700000000000003,35.1,2.0482,24.0964705882353
17.00_81.40,17.049999999999965,81.44999999999924,16.999999999999964,17.099999999999966,81.39999999999924,81.49999999999923,0,0,0.49383857850990087,501.59456368265256,3.721695428383319,33.7,19.4,0.0,12.0,61,1006.6,7,32.07142857142857,0.0,14.300000000000004,39.2,3.066700000000001,45.65806451612904
29.40_92.80,29.44999999999992,92.84999999999859,29.39999999999992,29.499999999999922,92.79999999999859,92.89999999999858,0,0,0.8317445985644774,1715.3033063706903,17.92802507020573,-4.0,-11.7,1.3,13.0,64,575.4,3,-2.757142857142857,0.9142857142857143,7.699999999999999,3.0,-0.144,-2.4
28.60_76.70,28.649999999999924,76.7499999999995,28.599999999999923,28.699999999999925,76.6999999999995,76.7999999999995,0,0,0.17698983211431185,1193.2206057665728,12.54282739355657,26.2,12.7,0.0,7.4,80,993.2,1,26.24285714285714,0.5571428571428572,13.5,41.2,0.1746666666666666,2.3935802469135803
8.20_80.40,8.249999999999995,80.44999999999929,8.199999999999994,8.299999999999994,80.3999999999993,80.49999999999929,0,0,0.12111900297805796,439.8299961272022,5.025124929032245,28.5,23.5,3.3,11.3,89,1000.6,1,28.800000000000004,1.2857142857142858,5.0,48.0,0.10449999999999998,3.5783333333333336
28.30_89.50,28.349999999999923,89.54999999999878,28.299999999999923,28.399999999999924,89.49999999999878,89.59999999999877,0,0,0.7814089635197434,2329.0714492075404,24.62332914782438,2.1,-8.5,0.0,20.1,63,597.5,7,5.314285714285714,0.09999999999999999,10.6,8.6,0.18130000000000002,4.61671875
29.60_93.20,29.649999999999917,93.24999999999856,29.599999999999916,29.699999999999918,93.19999999999857,93.29999999999856,0,0,0.7279615423711187,2294.3129066965457,21.476622855973392,-7.5,-15.2,3.2,13.1,68,543.1,3,-5.442857142857142,1.1285714285714286,7.699999999999999,1.5,-0.23999999999999996,-4.271739130434782
25.00_77.70,25.049999999999937,77.74999999999945,24.999999999999936,25.099999999999937,77.69999999999945,77.79999999999944,0,0,0.13346683593483963,444.9475428635396,4.279839341658036,26.2,16.6,0.0,11.1,72,963.9,1,27.47142857142857,0.15714285714285717,9.599999999999998,37.2,0.24453333333333335,3.983835616438356
23.80_92.90,23.84999999999994,92.94999999999858,23.79999999999994,23.89999999999994,92.89999999999858,92.99999999999858,1,2,0.7243419390597575,139.18811070238763,2.8666646950082963,28.6,13.1,0.0,11.8,42,889.6,7,26.08571428571429,0.0,15.500000000000002,24.6,3.8705333333333343,54.93860465116279
34.80_76.80,34.849999999999895,76.8499999999995,34.7999999999999,34.8999999999999,76.7999999999995,76.8999999999995,0,0,0.21454380504033985,2550.0747909509305,25.561138366130365,5.0,-6.2,0.0,5.1,34,702.7,6,0.6857142857142857,0.4714285714285714,11.2,-3.0,0.6599999999999999,4.371428571428571
36.30_72.50,36.349999999999895,72.54999999999974,36.2999999999999,36.3999999999999,72.49999999999974,72.59999999999974,0,0,0.11988690416694175,1178.4442718087669,11.837266573185556,4.7,-2.3,0.0,17.8,30,693.9,7,0.15714285714285722,0.18571428571428572,7.0,-5.3,0.7676666666666666,18.890967741935487
35.20_80.30,35.24999999999989,80.3499999999993,35.199999999999896,35.2999999999999,80.2999999999993,80.3999999999993,0,0,0.1377718788211324,2826.801861595148,27.915049924362677,-4.8,-21.1,0.0,13.0,18,535.3,7,-9.957142857142857,0.04285714285714286,16.3,-20.8,-0.9184000000000001,-22.989473684210527
27.20_72.90,27.249999999999925,72.94999999999972,27.199999999999925,27.299999999999926,72.89999999999972,72.99999999999972,0,0,0.3774698187643255,206.3879690829732,3.632798653500485,29.4,17.8,0.0,11.9,48,985.9,1,30.171428571428574,0.17142857142857143,11.599999999999998,28.4,0.5096,7.140000000000001
13.10_93.80,13.149999999999977,93.84999999999853,13.099999999999977,13.199999999999976,93.79999999999853,93.89999999999853,0,0,0.48908842999652247,405.71866897586295,3.7917037361323764,28.5,27.5,1.8,24.3,82,1012.3,7,28.0,0.1142857142857143,1.0,44.5,1.1970000000000003,58.40783132530121
19.40_95.60,19.449999999999957,95.64999999999843,19.399999999999956,19.499999999999957,95.59999999999843,95.69999999999843,0,0,0.4867968448570691,316.7119563696837,2.305696770003643,36.5,22.7,0.0,11.5,56,988.2,7,33.699999999999996,0.0,13.8,39.5,3.7473333333333323,51.54824561403509
15.40_70.30,15.449999999999969,70.34999999999987,15.399999999999968,15.499999999999968,70.29999999999987,70.39999999999986,0,0,0.23482780575193676,184.992817301242,0.38183691464944536,27.0,25.9,0.0,22.1,68,1012.3,7,26.957142857142856,0.0,1.1000000000000014,36.0,2.0159999999999996,60.53478260869566
17.20_84.70,17.24999999999996,84.74999999999905,17.19999999999996,17.29999999999996,84.69999999999905,84.79999999999905,0,0,0.35073475933439924,320.5801558938544,4.6761314699825896,26.3,25.9,0.0,19.9,75,1014.3,7,26.02857142857143,0.0,0.40000000000000213,38.8,1.5341666666666667,48.20513157894737
11.40_75.00,11.449999999999983,75.0499999999996,11.399999999999983,11.499999999999982,74.9999999999996,75.0999999999996,0,0,0.8225057913493068,1343.8864473311824,14.03728833996224,28.5,27.8,0.1,25.0,80,1010.4,0,28.514285714285712,0.35714285714285715,0.6999999999999993,43.5,0.0,0.0
36.30_71.20,36.349999999999895,71.24999999999982,36.2999999999999,36.3999999999999,71.19999999999982,71.29999999999981,0,0,0.20280807868314105,1297.7938433543518,13.509185089981859,5.4,-2.1,0.0,18.7,29,654.1,5,-1.4428571428571426,1.3714285714285714,7.5,-5.1,0.639,16.830000000000002
11.70_77.00,11.749999999999982,77.04999999999949,11.699999999999982,11.799999999999981,76.99999999999949,77.09999999999948,1,8,0.28528321058514305,427.41713726693905,5.270414404731683,30.6,18.6,0.0,25.1,62,917.7,7,30.728571428571428,0.0,12.0,36.6,2.7132,85.34
13.90_76.20,13.949999999999974,76.24999999999953,13.899999999999974,13.999999999999973,76.19999999999953,76.29999999999953,1,19,0.7226553731068507,550.1965078134966,6.601167675458743,31.3,18.3,0.0,17.6,52,911.2,7,30.171428571428574,0.0,13.0,32.3,3.5056000000000003,72.75773584905662
21.60_93.90,21.649999999999945,93.94999999999852,21.599999999999945,21.699999999999946,93.89999999999853,93.99999999999852,0,0,0.24544954224955526,300.6744016365443,1.2799728912951354,24.0,15.4,0.5,10.6,51,919.3,7,22.385714285714283,0.0,8.6,24.5,2.744,34.24615384615384
24.00_91.40,24.049999999999937,91.44999999999867,23.999999999999936,24.099999999999937,91.39999999999867,91.49999999999866,1,1,0.8971874526796698,342.6687506555843,2.4707263737697667,30.6,18.9,0.1,11.4,63,1007.1,7,29.842857142857138,0.0,11.700000000000003,37.1,2.6418000000000004,38.154375
22.50_68.50,22.549999999999944,68.54999999999997,22.499999999999943,22.599999999999945,68.49999999999997,68.59999999999997,0,0,0.33058575692773,365.2354280340022,3.3096474782402736,25.6,23.8,0.0,25.6,67,1013.8,7,24.042857142857144,0.0,1.8000000000000007,34.1,1.9711999999999998,67.46352941176471
8.60_76.30,8.649999999999993,76.34999999999953,8.599999999999993,8.699999999999992,76.29999999999953,76.39999999999952,0,0,0.7848791193176152,1261.508938497844,11.75599778810076,29.1,27.9,0.0,20.4,70,1010.2,1,28.914285714285715,0.5714285714285714,1.2000000000000028,39.1,0.2910000000000001,8.36112676056338
33.20_97.30,33.2499999999999,97.34999999999833,33.1999999999999,33.299999999999905,97.29999999999833,97.39999999999833,0,0,0.8836102014934271,2794.7415232127914,27.804373614344478,-2.4,-15.5,0.0,29.2,24,569.1,4,-4.885714285714286,0.3,13.1,-15.4,-0.2432,-11.2128
11.80_87.10,11.849999999999982,87.14999999999891,11.799999999999981,11.89999999999998,87.09999999999891,87.19999999999891,0,0,0.4008548580793988,50.458434332045485,0.7907850997938672,26.9,26.1,11.2,30.9,87,1011.9,7,26.5,0.09999999999999999,0.7999999999999972,45.4,0.8159666666666666,66.11897727272726
21.20_78.20,21.249999999999947,78.24999999999942,21.199999999999946,21.299999999999947,78.19999999999942,78.29999999999941,0,0,0.5192734831312429,319.89482000937323,2.2719939641896123,32.9,19.9,0.2,10.5,51,967.3,7,32.114285714285714,0.0,13.0,33.4,3.7615666666666665,46.502884615384616
8.90_88.70,8.949999999999992,88.74999999999882,8.899999999999991,8.999999999999991,88.69999999999882,88.79999999999882,0,0,0.3425151579726049,115.48434937805058,2.9322709640594167,27.8,26.6,47.9,35.8,86,1010.5,0,27.67142857142857,5.871428571428572,1.1999999999999993,45.8,0.0,0.0
26.50_93.20,26.54999999999993,93.24999999999856,26.49999999999993,26.59999999999993,93.19999999999857,93.29999999999856,1,6,0.7836678125154499,392.2266154951134,4.004531580617978,30.5,17.1,0.0,11.5,57,1003.9,7,28.77142857142857,0.08571428571428573,13.399999999999999,34.0,3.060166666666667,42.331896551724135
27.60_72.30,27.649999999999924,72.34999999999975,27.599999999999923,27.699999999999925,72.29999999999976,72.39999999999975,0,0,0.3774818764717486,171.5553651440269,2.8972051818931073,29.9,18.3,0.0,10.4,47,996.3,7,30.814285714285717,0.07142857142857142,11.599999999999998,28.4,3.6976333333333335,45.34833333333333
33.70_79.70,33.7499999999999,79.74999999999933,33.6999999999999,33.799999999999905,79.69999999999933,79.79999999999933,0,0,0.4776743771436073,1335.7610925158867,13.016747382961618,0.4,-14.6,0.0,9.8,21,547.3,7,-4.085714285714286,0.0,15.0,-14.1,0.07373333333333335,1.2472727272727273
18.20_76.10,18.24999999999996,76.14999999999954,18.19999999999996,18.29999999999996,76.09999999999954,76.19999999999953,0,0,0.623881625821008,729.4687332860673,6.873271869112443,31.4,19.3,0.0,11.2,56,941.8,7,30.842857142857145,0.0,12.099999999999998,34.4,3.2237333333333327,43.188771929824554
36.20_95.50,36.24999999999989,95.54999999999843,36.199999999999896,36.2999999999999,95.49999999999844,95.59999999999843,0,0,0.7086301059072064,2321.2820294668527,23.811588705958748,5.2,-4.8,0.0,13.2,15,631.1,7,0.9142857142857143,0.0,10.0,-12.3,1.0313333333333334,30.03
24.80_96.80,24.849999999999934,96.84999999999836,24.799999999999933,24.899999999999935,96.79999999999836,96.89999999999836,0,0,0.868572293972828,464.9768586677397,2.8714381880596958,33.9,14.6,0.0,7.9,65,997.0,7,32.02857142857143,0.0,19.299999999999997,41.4,2.7684999999999995,28.40409090909091
26.20_90.50,26.249999999999932,90.54999999999872,26.199999999999932,26.299999999999933,90.49999999999872,90.59999999999872,1,1,0.9309281183420292,234.57328820626236,2.1300504370098983,28.9,18.2,0.0,7.1,65,1009.0,7,27.4,0.0,10.7,36.4,2.3601666666666663,21.762575757575753
32.20_96.90,32.24999999999991,96.94999999999835,32.19999999999991,32.29999999999991,96.89999999999836,96.99999999999835,0,0,0.9454958380854686,1451.0724045133784,16.338108139213922,4.6,-13.0,0.0,25.0,29,615.1,5,2.6,0.15714285714285717,17.6,-5.9,0.5443333333333332,19.166666666666664
34.80_89.50,34.849999999999895,89.54999999999878,34.7999999999999,34.8999999999999,89.49999999999878,89.59999999999877,0,0,0.7151790228501151,2665.7518255140367,27.11310245151872,-4.6,-17.9,0.0,28.7,30,531.5,7,-8.985714285714286,0.14285714285714285,13.299999999999999,-14.6,-0.7513333333333332,-29.810967741935478
31.50_72.80,31.549999999999912,72.84999999999972,31.49999999999991,31.599999999999913,72.79999999999973,72.89999999999972,0,0,0.4513849577642015,1439.8613574726594,14.075513907204616,27.3,12.8,0.0,6.9,63,998.1,7,26.142857142857146,0.09999999999999999,14.5,33.8,2.3569,20.602968750000002
25.50_71.80,25.549999999999933,71.84999999999978,25.499999999999932,25.599999999999934,71.79999999999978,71.89999999999978,0,0,0.24136277938774003,323.40152653462724,4.252499280571339,32.4,18.9,0.0,12.0,45,1005.6,7,32.17142857142857,0.0,13.5,29.9,4.1579999999999995,59.16521739130434
30.80_91.90,30.849999999999913,91.94999999999864,30.799999999999912,30.899999999999913,91.89999999999864,91.99999999999864,0,0,0.7370107677402802,2995.0959915460485,28.334415057966083,-5.4,-16.2,0.5,21.9,32,526.6,7,-6.514285714285714,0.07142857142857142,10.799999999999999,-14.4,-0.8568000000000001,-25.085454545454546
12.20_76.00,12.24999999999998,76.04999999999954,12.19999999999998,12.29999999999998,75.99999999999955,76.09999999999954,1,1,0.6232989585999879,907.3780563841899,8.312413350196746,30.8,17.9,0.0,15.5,64,918.2,7,29.685714285714283,0.0,12.900000000000002,37.8,2.5871999999999997,51.41230769230769
26.10_79.40,26.14999999999993,79.44999999999935,26.09999999999993,26.199999999999932,79.39999999999935,79.49999999999935,0,0,0.3108141580967222,229.77473647158664,0.8603294840203088,28.2,15.8,0.0,8.5,75,1000.9,7,27.928571428571423,0.05714285714285715,12.399999999999999,40.7,1.645,22.077631578947365
32.60_95.40,32.649999999999906,95.44999999999844,32.59999999999991,32.69999999999991,95.39999999999844,95.49999999999844,0,0,0.8197861661931976,2005.1419560862653,18.393518174126303,-2.3,-17.7,0.1,33.5,38,557.4,5,-4.457142857142857,0.3428571428571429,15.399999999999999,-8.3,-0.23766666666666664,-9.878205128205128
18.80_82.10,18.849999999999955,82.1499999999992,18.799999999999955,18.899999999999956,82.0999999999992,82.19999999999919,1,1,0.35223326591904436,1092.6872523166435,10.794617903756787,33.3,18.2,0.0,9.0,50,958.6,7,31.471428571428568,0.0,15.099999999999998,33.3,3.885,41.135294117647064
7.20_84.60,7.249999999999997,84.64999999999905,7.1999999999999975,7.299999999999997,84.59999999999906,84.69999999999905,0,0,0.15321125647073447,135.34021423547443,0.7733953700675475,27.7,26.9,10.7,23.3,85,1010.1,0,27.5,20.67142857142857,0.8000000000000007,45.2,0.0,0.0
29.30_68.00,29.34999999999992,68.05,29.29999999999992,29.39999999999992,68.0,68.1,0,0,0.24706349071203013,2654.9319083070495,26.30999442332455,27.5,16.2,0.0,9.4,63,1004.8,2,27.457142857142852,2.7142857142857144,11.3,34.0,0.6783333333333333,8.078125
27.30_95.60,27.349999999999927,95.64999999999843,27.299999999999926,27.399999999999928,95.59999999999843,95.69999999999843,1,1,0.7930067761113635,284.5996485208273,3.6838574424475037,30.9,15.5,0.0,7.9,64,996.5,4,28.32857142857143,1.2285714285714284,15.399999999999999,37.9,1.4832,15.022153846153847
31.30_88.00,31.349999999999913,88.04999999999886,31.299999999999912,31.399999999999913,87.99999999999886,88.09999999999886,0,0,0.7818730265756166,1657.4625643586685,17.252346682827177,-1.7,-12.5,0.0,18.6,39,520.0,7,-3.8714285714285714,0.04285714285714286,10.8,-7.2,-0.24196666666666666,-5.5335
13.70_76.50,13.749999999999975,76.54999999999951,13.699999999999974,13.799999999999974,76.49999999999952,76.59999999999951,1,44,0.8152792654154056,801.4677065812028,6.0439522589758585,31.5,18.2,0.0,14.3,58,922.2,7,30.585714285714285,0.0,13.3,35.5,3.0870000000000006,53.44322033898306
31.40_74.70,31.449999999999914,74.74999999999962,31.399999999999913,31.499999999999915,74.69999999999962,74.79999999999961,1,1,0.2664331697409324,1543.4856887082435,13.699974617497093,26.1,11.6,0.0,7.7,75,992.6,7,24.785714285714285,0.07142857142857142,14.500000000000002,38.6,1.5225,18.51039473684211
19.40_76.90,19.449999999999957,76.94999999999949,19.399999999999956,19.499999999999957,76.8999999999995,76.99999999999949,0,0,0.7976582527484993,720.6789806150912,6.820117481333337,32.8,19.6,0.0,11.7,54,969.7,7,32.48571428571428,0.0,13.199999999999996,34.8,3.520533333333333,48.842181818181814
6.90_79.50,6.949999999999998,79.54999999999934,6.899999999999999,6.999999999999998,79.49999999999935,79.59999999999934,0,0,0.3423727631821525,61.88610062238226,0.0,27.6,26.5,9.8,36.4,85,1010.0,7,27.828571428571426,0.0,1.1000000000000014,45.1,0.9660000000000002,81.77302325581395
24.30_80.40,24.349999999999937,80.44999999999929,24.299999999999937,24.399999999999938,80.3999999999993,80.49999999999929,1,2,0.7293312259143706,339.63845537794,3.5356094572500667,28.9,17.0,0.1,10.9,53,971.0,7,29.68571428571428,0.0,11.899999999999999,30.4,3.1693666666666664,40.834629629629625
26.60_92.10,26.64999999999993,92.14999999999863,26.59999999999993,26.699999999999932,92.09999999999863,92.19999999999862,1,4,0.8408073291640592,498.9778163758849,3.069204051482156,28.4,14.3,0.0,8.6,69,1004.8,7,27.528571428571432,0.0,14.099999999999998,37.9,2.054266666666667,24.423999999999996
28.40_71.50,28.44999999999992,71.5499999999998,28.39999999999992,28.499999999999922,71.4999999999998,71.5999999999998,0,0,0.14997921935045158,2492.4989677419107,26.15515333362382,29.6,18.6,0.0,9.7,47,1005.5,7,29.857142857142858,0.04285714285714286,11.0,28.1,3.660533333333334,41.87166666666667
26.00_94.30,26.04999999999993,94.3499999999985,25.99999999999993,26.09999999999993,94.2999999999985,94.3999999999985,1,24,0.9168741614108448,356.04784314417657,5.412863738193302,24.6,14.2,0.5,10.3,64,928.7,7,23.485714285714288,0.014285714285714287,10.400000000000002,31.6,2.0664,27.287076923076924
18.10_86.80,18.14999999999996,86.84999999999893,18.09999999999996,18.19999999999996,86.79999999999893,86.89999999999893,0,0,0.49074852404873404,458.270320997646,6.578005170735799,25.7,25.4,0.0,16.9,78,1014.5,7,25.699999999999996,0.0,0.3000000000000007,39.7,1.3192666666666666,38.48493670886075
22.30_80.60,22.349999999999945,80.64999999999928,22.299999999999944,22.399999999999945,80.59999999999928,80.69999999999928,0,0,0.7485672187583886,372.4172753743833,2.727387186100995,30.9,12.0,0.0,9.3,60,941.7,7,28.842857142857138,0.0,18.9,35.9,2.8840000000000003,32.97688524590164
15.80_78.00,15.849999999999968,78.04999999999943,15.799999999999967,15.899999999999967,77.99999999999943,78.09999999999943,0,0,0.18119676967255804,1015.3742149349498,8.79221868417954,34.0,20.3,0.0,9.6,47,982.0,7,33.114285714285714,0.0,13.7,32.5,4.204666666666667,47.599999999999994
28.50_69.00,28.549999999999923,69.04999999999994,28.499999999999922,28.599999999999923,68.99999999999994,69.09999999999994,0,0,0.3151232804659088,2300.1514084851983,21.972291075670626,28.1,17.7,0.0,11.9,61,1005.3,2,28.042857142857144,0.2285714285714286,10.400000000000002,33.6,0.7306000000000001,10.78677419354839
27.70_81.90,27.749999999999925,81.9499999999992,27.699999999999925,27.799999999999926,81.89999999999921,81.9999999999992,0,0,0.44954530865258013,88.0647345355556,0.7404705942215976,30.2,14.1,0.0,13.8,63,999.9,7,26.857142857142858,0.0,16.1,36.7,2.6072666666666664,45.583124999999995
25.10_92.20,25.149999999999935,92.24999999999862,25.099999999999934,25.199999999999935,92.19999999999862,92.29999999999862,1,2,0.7208800763095882,267.32770580162105,2.454790093457254,30.7,18.1,0.0,13.9,41,967.0,7,29.485714285714288,0.0,12.599999999999998,26.2,4.226366666666666,71.12166666666667
6.70_86.10,6.749999999999999,86.14999999999897,6.699999999999999,6.799999999999999,86.09999999999897,86.19999999999897,0,0,0.47804444326697637,162.3404682825543,0.9796351645723553,28.0,26.9,9.4,23.8,81,1009.9,0,27.485714285714288,19.657142857142855,1.1000000000000014,43.5,0.0,0.0
11.90_83.30,11.949999999999982,83.34999999999913,11.89999999999998,11.99999999999998,83.29999999999913,83.39999999999912,0,0,0.3092684221001898,487.72045933377194,6.45148197973903,27.4,26.6,0.9,30.6,81,1012.0,7,26.571428571428566,0.0,0.7999999999999972,42.9,1.214733333333333,71.57414634146342
21.90_85.80,21.949999999999946,85.84999999999899,21.899999999999945,21.999999999999947,85.79999999999899,85.89999999999898,1,3,0.31840490759452755,498.56734484310476,3.381461962320269,32.3,18.8,0.0,11.8,47,974.4,7,29.885714285714283,0.0,13.499999999999996,30.799999999999997,3.9944333333333337,55.58291666666667
20.70_82.20,20.74999999999995,82.24999999999919,20.69999999999995,20.79999999999995,82.19999999999919,82.29999999999919,1,4,0.6638540240229645,401.046701711013,5.863538881790117,34.3,18.6,0.0,9.5,43,974.1,7,32.68571428571428,0.0,15.699999999999996,30.799999999999997,4.5619000000000005,51.839772727272724
26.00_94.20,26.04999999999993,94.24999999999851,25.99999999999993,26.09999999999993,94.19999999999851,94.2999999999985,1,16,0.8767094443724912,285.3764032909553,1.009798113688222,20.2,7.5,0.2,8.4,67,865.9,7,19.071428571428573,0.08571428571428572,12.7,28.7,1.5553999999999997,17.467058823529413
27.90_78.70,27.949999999999925,78.74999999999939,27.899999999999924,27.999999999999925,78.69999999999939,78.79999999999939,1,2,0.35631733361972573,292.39434158079996,2.6154246823096283,27.4,13.7,0.0,10.0,74,997.9,7,25.971428571428568,0.07142857142857142,13.7,39.4,1.6622666666666668,25.573333333333334
21.30_69.50,21.349999999999948,69.54999999999991,21.299999999999947,21.39999999999995,69.49999999999991,69.59999999999991,0,0,0.27759926140758306,321.1734973931144,2.212923721975467,27.0,24.6,0.0,19.7,62,1013.0,7,25.37142857142857,0.0,2.3999999999999986,33.0,2.394,59.099999999999994
24.40_92.70,24.449999999999935,92.7499999999986,24.399999999999935,24.499999999999936,92.6999999999986,92.79999999999859,1,15,0.8867847591808471,395.9265594045526,4.237875257209183,30.1,13.6,0.0,7.3,74,1006.4,7,30.157142857142862,0.0,16.5,42.1,1.8260666666666667,20.508133333333333
23.30_95.40,23.34999999999994,95.44999999999844,23.29999999999994,23.39999999999994,95.39999999999844,95.49999999999844,0,0,0.7400924479751849,116.11337163666116,2.910135629205305,33.1,19.6,0.0,8.4,63,994.0,7,30.942857142857147,0.0,13.5,39.6,2.8576333333333332,30.410625000000003
24.60_93.10,24.649999999999938,93.14999999999857,24.599999999999937,24.69999999999994,93.09999999999857,93.19999999999857,1,4,0.9118661018731271,412.8050743525671,5.097715232501271,30.1,13.6,0.0,8.0,66,1000.1,7,29.685714285714287,0.0,16.5,38.1,2.3879333333333332,25.158208955223884
26.20_69.20,26.249999999999932,69.24999999999993,26.199999999999932,26.299999999999933,69.19999999999993,69.29999999999993,0,0,0.22920142042933828,208.24207441102558,2.621263210917578,29.4,18.7,0.0,18.4,56,1010.8,7,29.7,0.0,10.7,32.4,3.0183999999999993,66.43368421052631
14.40_68.20,14.449999999999973,68.24999999999999,14.399999999999972,14.499999999999972,68.19999999999999,68.29999999999998,0,0,0.31322699493783346,437.2492181747166,3.1530825128297084,26.1,25.0,0.0,20.5,68,1012.9,7,26.514285714285712,0.0,1.1000000000000014,35.1,1.9487999999999996,54.2804347826087
30.30_70.30,30.349999999999916,70.34999999999987,30.299999999999915,30.399999999999917,70.29999999999987,70.39999999999986,0,0,0.42565028793688076,1310.153284923872,12.56485136891167,25.5,16.4,0.0,11.2,43,951.2,2,24.057142857142857,1.0285714285714287,9.100000000000001,22.0,0.9690000000000001,12.98181818181818
30.70_77.20,30.749999999999915,77.24999999999947,30.699999999999914,30.799999999999915,77.19999999999948,77.29999999999947,1,2,0.26157279271679396,2512.576367232372,24.21194534984589,21.0,12.2,0.0,16.9,50,843.7,7,19.17142857142857,0.0,8.8,21.0,2.4499999999999997,48.711764705882345
27.10_85.00,27.149999999999928,85.04999999999903,27.099999999999927,27.19999999999993,84.99999999999903,85.09999999999903,0,0,0.4625193294619966,121.677224652236,1.6195509488287696,31.2,12.5,0.0,14.5,61,999.7,7,27.985714285714288,0.0,18.7,36.7,2.8392000000000004,51.0774193548387
22.00_92.60,22.049999999999944,92.6499999999986,21.999999999999943,22.099999999999945,92.5999999999986,92.6999999999986,0,0,0.1780379851898467,316.56720677057666,2.630826646095227,32.5,19.6,0.0,11.8,32,999.3,7,31.0,0.0,12.899999999999999,23.5,5.156666666666666,81.34848484848484
15.40_93.30,15.449999999999969,93.34999999999856,15.399999999999968,15.499999999999968,93.29999999999856,93.39999999999856,0,0,0.2634194880021269,473.54772176217534,5.378891004829779,27.8,27.1,0.0,17.4,81,1013.0,7,27.014285714285712,0.0,0.6999999999999993,43.3,1.2324666666666662,41.29317073170731
9.40_68.00,9.44999999999999,68.05,9.39999999999999,9.49999999999999,68.0,68.1,0,0,0.11949940962014144,459.37385337636147,4.154745653473693,27.9,26.9,0.2,22.7,71,1011.5,5,28.042857142857144,0.38571428571428573,1.0,38.4,1.3485,43.981249999999996
26.40_93.60,26.44999999999993,93.64999999999854,26.399999999999928,26.49999999999993,93.59999999999854,93.69999999999854,1,1,0.7975860429695131,403.51653174365856,3.779301389085096,27.7,13.9,0.0,8.9,64,970.0,7,26.057142857142857,0.0,13.799999999999999,34.7,2.3268,26.549384615384614
34.50_74.50,34.5499999999999,74.54999999999963,34.4999999999999,34.5999999999999,74.49999999999963,74.59999999999962,0,0,0.22997080802266454,1061.7784916690048,11.838480607536454,10.5,2.6,0.0,10.1,34,730.8,7,7.514285714285715,0.0,7.9,2.5,1.6169999999999995,21.21
13.90_92.20,13.949999999999974,92.24999999999862,13.899999999999974,13.999999999999973,92.19999999999862,92.29999999999862,0,0,0.2144462555082238,181.71574246928358,2.313617890373161,28.0,27.1,0.3,22.4,85,1012.6,7,27.12857142857143,0.0,0.8999999999999986,45.5,0.9800000000000001,51.05116279069767
29.70_82.60,29.74999999999992,82.64999999999917,29.699999999999918,29.79999999999992,82.59999999999917,82.69999999999916,0,0,0.43309615325412953,1477.8882925790608,12.981754399919838,-1.2,-9.9,0.0,13.2,54,545.4,0,-2.1714285714285713,0.21428571428571427,8.700000000000001,0.8,-0.0,-0.0
35.20_85.60,35.24999999999989,85.649999999999,35.199999999999896,35.2999999999999,85.599999999999,85.699999999999,0,0,0.32689090007198596,1019.9672164070763,10.834102630120261,-4.2,-18.9,0.0,27.2,34,552.1,7,-7.985714285714286,0.04285714285714286,14.7,-12.2,-0.6467999999999999,-22.848
13.40_78.60,13.449999999999976,78.6499999999994,13.399999999999975,13.499999999999975,78.5999999999994,78.69999999999939,1,4,0.24889997547537168,1227.3888821905216,11.640304939736478,27.6,16.4,0.0,21.8,69,932.6,7,28.05714285714286,0.0,11.200000000000003,37.1,1.9964000000000004,60.168000000000006
13.20_80.00,13.249999999999977,80.04999999999932,13.199999999999976,13.299999999999976,79.99999999999932,80.09999999999931,0,0,0.14763104018403053,1144.710552562325,10.394504449177727,31.3,21.7,0.0,17.3,75,1010.6,7,31.04285714285714,0.0,9.600000000000001,43.8,1.8258333333333336,49.874078947368425
11.10_79.30,11.149999999999984,79.34999999999935,11.099999999999984,11.199999999999983,79.29999999999936,79.39999999999935,0,0,0.46365245372749275,497.7898332913725,5.686702428165453,30.4,22.4,0.0,18.2,80,1007.2,7,30.071428571428573,0.0,8.0,45.4,1.418666666666666,47.81432098765432
17.90_74.50,17.94999999999996,74.54999999999963,17.89999999999996,17.99999999999996,74.49999999999963,74.59999999999962,1,1,0.7704733217589578,1450.434519446796,14.422725360925735,33.1,18.1,0.0,15.5,55,949.4,7,32.07142857142857,0.0,15.0,35.6,3.4754999999999994,64.13125000000001
23.40_83.70,23.449999999999942,83.7499999999991,23.39999999999994,23.499999999999943,83.69999999999911,83.7999999999991,0,0,0.5248975872914243,115.899225099134,1.7372423002442978,25.3,12.6,0.0,12.4,53,910.1,7,24.12857142857143,0.0,12.700000000000001,26.8,2.7745666666666664,40.66740740740741
20.40_78.20,20.44999999999995,78.24999999999942,20.39999999999995,20.49999999999995,78.19999999999942,78.29999999999941,1,1,0.6232045133126068,310.36466275730174,4.611694607289669,33.2,20.5,0.0,11.3,52,978.2,7,32.4,0.0,12.700000000000003,34.2,3.7184,49.54943396226417
19.60_73.50,19.649999999999952,73.54999999999968,19.59999999999995,19.699999999999953,73.49999999999969,73.59999999999968,1,30,0.74771046683781,1410.1573878591853,15.413465816551088,34.4,19.2,0.0,18.0,57,948.0,7,32.714285714285715,0.0,15.2,37.9,3.451466666666667,74.73103448275862
11.50_78.30,11.549999999999983,78.34999999999941,11.499999999999982,11.599999999999982,78.29999999999941,78.39999999999941,0,0,0.19869929870262848,446.69878818709145,3.9066955530251892,31.5,20.5,0.0,23.1,69,969.2,7,31.17142857142857,0.0,11.0,41.0,2.2785000000000006,72.76500000000001
22.60_78.20,22.649999999999945,78.24999999999942,22.599999999999945,22.699999999999946,78.19999999999942,78.29999999999941,1,1,0.5239491821226971,137.02369906763448,3.2687672427517698,26.8,18.5,0.0,18.9,63,974.7,7,30.285714285714285,0.014285714285714287,8.3,33.3,2.313733333333333,55.400625
25.70_94.00,25.749999999999932,94.04999999999852,25.699999999999932,25.799999999999933,93.99999999999852,94.09999999999852,1,4,0.8912635737768213,442.01985071459376,5.94990860326857,27.2,17.1,0.0,10.4,53,929.3,7,27.185714285714287,0.028571428571428574,10.099999999999998,28.7,2.982933333333333,36.669629629629625
18.20_71.70,18.24999999999996,71.74999999999979,18.19999999999996,18.29999999999996,71.69999999999979,71.79999999999978,0,0,0.13185994116504263,141.49128159301682,0.0,27.0,26.1,0.0,20.2,75,1012.1,7,26.8,0.0,0.8999999999999986,39.5,1.575,50.234210526315785
22.90_68.60,22.949999999999942,68.64999999999996,22.89999999999994,22.999999999999943,68.59999999999997,68.69999999999996,0,0,0.29256188715937803,439.10334339448025,3.205989195417904,30.9,21.6,0.0,15.6,52,1014.0,7,25.957142857142856,0.028571428571428574,9.299999999999997,31.9,3.4608,63.665660377358485
15.50_85.30,15.549999999999969,85.34999999999901,15.499999999999968,15.599999999999968,85.29999999999902,85.39999999999901,0,0,0.21926137223861875,174.92377072227958,1.1128764614671431,26.4,25.8,0.0,24.2,78,1013.6,7,25.900000000000002,0.0,0.5999999999999979,40.4,1.3552,56.60962025316456
22.50_83.70,22.549999999999944,83.7499999999991,22.499999999999943,22.599999999999945,83.69999999999911,83.7999999999991,0,0,0.7838240617854637,351.7005895363292,3.029289153382249,30.9,15.4,0.0,7.2,51,966.0,7,30.02857142857143,0.0,15.499999999999998,31.4,3.5328999999999997,29.949230769230766
34.50_82.60,34.5499999999999,82.64999999999917,34.4999999999999,34.5999999999999,82.59999999999917,82.69999999999916,0,0,0.3947424563763394,1350.4250915856944,12.752912414402829,-4.5,-21.2,0.0,16.5,26,537.6,7,-9.385714285714286,0.05714285714285715,16.7,-16.5,-0.777,-19.25
16.80_86.60,16.849999999999962,86.64999999999894,16.79999999999996,16.899999999999963,86.59999999999894,86.69999999999894,0,0,0.4145468433576731,306.9260009968264,4.487864738025096,26.0,25.4,0.0,18.2,79,1014.1,7,25.61428571428571,0.0,0.6000000000000014,40.5,1.2739999999999998,41.405
28.70_78.70,28.749999999999922,78.74999999999939,28.69999999999992,28.799999999999923,78.69999999999939,78.79999999999939,0,0,0.2706524928983114,2701.9939444788024,26.420200565389653,27.1,12.8,0.0,10.6,73,994.1,7,24.971428571428568,0.0,14.3,38.6,1.7073000000000003,27.173243243243242
18.30_92.30,18.34999999999996,92.34999999999862,18.299999999999958,18.39999999999996,92.29999999999862,92.39999999999861,0,0,0.10848474615404524,131.8030578081969,1.259285332852376,26.5,25.6,0.0,18.5,70,1013.7,7,25.2,0.0,0.8999999999999986,36.5,1.8550000000000004,48.33450704225352
24.80_75.50,24.849999999999934,75.54999999999957,24.799999999999933,24.899999999999935,75.49999999999957,75.59999999999957,1,1,0.34241980478950557,231.44492661595868,3.775414590372067,26.5,17.5,0.0,14.5,72,966.3,1,27.728571428571428,0.39999999999999997,9.0,37.5,0.24733333333333335,5.263698630136986
24.40_83.90,24.449999999999935,83.9499999999991,24.399999999999935,24.499999999999936,83.8999999999991,83.99999999999909,0,0,0.5648368555063196,288.5990576894814,4.712386276247026,30.2,12.3,0.0,7.3,68,996.5,7,28.442857142857143,0.0,17.9,39.2,2.254933333333333,22.365507246376808
28.20_95.40,28.249999999999925,95.44999999999844,28.199999999999925,28.299999999999926,95.39999999999844,95.49999999999844,1,7,0.8259308475090297,1369.968117932996,14.877384479450667,27.6,19.6,0.0,10.9,37,871.9,4,24.785714285714285,0.5571428571428572,8.0,21.1,2.3184,31.667368421052636
14.80_84.80,14.849999999999971,84.84999999999904,14.79999999999997,14.89999999999997,84.79999999999905,84.89999999999904,0,0,0.3436290877681638,401.33738636413955,4.815696916231676,26.6,26.0,0.0,26.1,79,1013.3,7,26.08571428571429,0.0,0.6000000000000014,41.1,1.3034,60.74775000000001
14.10_83.00,14.149999999999974,83.04999999999914,14.099999999999973,14.199999999999973,82.99999999999915,83.09999999999914,0,0,0.3226990802009605,1223.7896954301,11.253694390923513,26.9,26.2,0.0,26.1,79,1013.1,7,26.514285714285712,0.0,0.6999999999999993,41.4,1.3180999999999998,61.432875
7.60_94.20,7.649999999999996,94.24999999999851,7.599999999999996,7.699999999999996,94.19999999999851,94.2999999999985,0,0,0.15926525244902143,464.6115680371574,5.954087978977386,28.8,27.6,5.2,35.8,78,1010.6,0,28.38571428571429,8.657142857142857,1.1999999999999993,42.8,0.0,0.0
14.20_75.50,14.249999999999973,75.54999999999957,14.199999999999973,14.299999999999972,75.49999999999957,75.59999999999957,1,38,0.642591211434733,1119.1543145753856,9.696235081715534,33.4,20.2,0.0,18.5,47,940.6,7,32.214285714285715,0.0,13.2,31.9,4.130466666666667,90.11041666666667
21.70_73.00,21.749999999999947,73.04999999999971,21.699999999999946,21.799999999999947,72.99999999999972,73.09999999999971,0,0,0.2707464691673461,255.03494423190995,4.188177755692126,32.9,21.7,0.0,16.2,62,1010.0,7,32.31428571428571,0.0,11.2,38.9,2.9171333333333336,59.219999999999985
18.70_72.70,18.749999999999957,72.74999999999973,18.699999999999957,18.799999999999958,72.69999999999973,72.79999999999973,0,0,0.12481498032103687,488.90079510726997,5.641381503948753,27.0,26.0,0.0,21.1,81,1011.7,7,26.614285714285717,0.0,1.0,42.5,1.1969999999999996,48.6329268292683
23.50_86.10,23.54999999999994,86.14999999999897,23.49999999999994,23.59999999999994,86.09999999999897,86.19999999999897,0,0,0.12394542160317434,306.9359860688542,2.855402781700578,31.4,17.2,0.0,9.4,50,988.5,7,29.7,0.0,14.2,31.4,3.663333333333333,40.51215686274511
27.60_88.50,27.649999999999924,88.54999999999883,27.599999999999923,27.699999999999925,88.49999999999883,88.59999999999883,0,0,0.8340686765580689,86.6606637338416,2.690046576719393,0.3,-7.6,0.0,11.9,66,654.4,4,0.5571428571428572,0.8,7.8999999999999995,8.3,0.0136,0.21313432835820895
18.10_82.30,18.14999999999996,82.34999999999918,18.09999999999996,18.19999999999996,82.29999999999919,82.39999999999918,1,25,0.4934778901603446,1305.6000565022196,11.863001953808972,32.3,17.2,0.0,10.8,41,916.8,7,29.74285714285714,0.0,15.099999999999998,27.799999999999997,4.4466333333333345,58.13999999999999
23.10_77.00,23.14999999999994,77.04999999999949,23.09999999999994,23.199999999999942,76.99999999999949,77.09999999999948,1,1,0.11444030463077617,111.30971773728578,0.04383919333821429,22.0,17.2,1.0,14.6,79,957.1,0,29.428571428571427,0.31428571428571433,4.800000000000001,36.5,0.0,0.0
15.70_75.90,15.749999999999968,75.94999999999955,15.699999999999967,15.799999999999967,75.89999999999955,75.99999999999955,1,2,0.728245459951734,654.8825265005968,7.828479451533829,33.2,20.2,0.0,16.0,44,944.8,7,32.01428571428571,0.0,13.000000000000004,30.200000000000003,4.338133333333334,82.63111111111112
25.40_91.30,25.449999999999935,91.34999999999867,25.399999999999935,25.499999999999936,91.29999999999868,91.39999999999867,1,12,0.8887837819393336,50.97699402029517,1.7100357598550326,20.5,11.2,0.5,16.2,57,857.7,7,20.371428571428574,0.0,9.3,24.0,2.0568333333333335,40.08103448275862
12.10_76.60,12.14999999999998,76.64999999999951,12.09999999999998,12.19999999999998,76.59999999999951,76.6999999999995,0,0,0.8358834802832791,1107.979584844286,11.750432066890177,33.1,20.2,0.0,20.2,56,939.8,7,32.1,0.0,12.900000000000002,36.1,3.398266666666666,82.11122807017544
6.50_95.30,6.55,95.34999999999845,6.5,6.6,95.29999999999845,95.39999999999844,0,0,0.18878412025029168,92.81688217105678,1.2577827435770996,28.8,27.5,2.5,35.9,78,1010.4,0,28.500000000000004,17.04285714285714,1.3000000000000007,42.8,0.0,0.0
20.00_88.20,20.04999999999995,88.24999999999885,19.99999999999995,20.09999999999995,88.19999999999885,88.29999999999885,0,0,0.28143322254110503,477.5134480706073,3.5720966668259253,25.3,24.6,0.0,15.2,78,1014.8,7,24.91428571428571,0.0,0.6999999999999993,39.3,1.298733333333333,34.07493670886076
35.30_84.20,35.349999999999895,84.24999999999908,35.2999999999999,35.3999999999999,84.19999999999908,84.29999999999907,0,0,0.3404509207625088,1212.6612285724661,13.795773305819605,-1.9,-18.4,0.0,22.0,32,562.8,5,-6.8,0.3,16.5,-10.9,-0.2153333333333333,-6.333333333333333
34.30_91.50,34.349999999999895,91.54999999999866,34.2999999999999,34.3999999999999,91.49999999999866,91.59999999999866,0,0,0.8157456137139018,1058.703294505026,11.311500496936361,-1.3,-19.2,0.0,26.3,44,574.4,7,-4.942857142857143,0.05714285714285715,17.9,-4.3,-0.1698666666666667,-5.318444444444445
21.50_76.10,21.549999999999947,76.14999999999954,21.499999999999947,21.599999999999948,76.09999999999954,76.19999999999953,1,2,0.30761526705886016,417.25656584756473,4.061182395439905,30.1,18.6,1.6,15.3,63,963.1,0,30.25714285714286,0.2857142857142857,11.5,36.6,0.0,0.0
11.90_77.10,11.949999999999982,77.14999999999948,11.89999999999998,11.99999999999998,77.09999999999948,77.19999999999948,1,6,0.10984020039089187,357.6012514818141,2.1709555990056226,29.9,16.3,0.0,21.0,57,884.0,7,29.54285714285714,0.0,13.599999999999998,33.4,2.999966666666667,75.78103448275863
28.60_85.30,28.649999999999924,85.34999999999901,28.599999999999923,28.699999999999925,85.29999999999902,85.39999999999901,0,0,0.20383901469108281,1985.9629904386748,18.382940047964702,-0.1,-12.7,0.0,10.3,51,569.9,7,1.157142857142857,0.014285714285714287,12.6,0.4,-0.011433333333333334,-0.13865384615384616
23.30_72.40,23.34999999999994,72.44999999999975,23.29999999999994,23.39999999999994,72.39999999999975,72.49999999999974,0,0,0.15784116405930312,323.50360335335057,3.4294741131634465,33.1,20.4,0.0,18.8,54,1005.5,7,32.871428571428574,0.0,12.700000000000003,35.1,3.552733333333333,79.19927272727274
23.30_78.80,23.34999999999994,78.84999999999938,23.29999999999994,23.39999999999994,78.79999999999939,78.89999999999938,1,4,0.5085481205382393,453.23788082647104,4.264595493414591,24.8,18.0,0.0,15.8,64,959.0,7,29.714285714285715,0.028571428571428574,6.800000000000001,31.8,2.0832,42.19815384615385
24.40_69.30,24.449999999999935,69.34999999999992,24.399999999999935,24.499999999999936,69.29999999999993,69.39999999999992,0,0,0.22881772124362076,197.7589863771885,0.7914649167322154,30.8,19.2,0.0,15.8,50,1009.1,7,29.814285714285713,0.0,11.600000000000001,30.8,3.5933333333333333,66.79372549019608
15.40_87.40,15.449999999999969,87.4499999999989,15.399999999999968,15.499999999999968,87.3999999999989,87.49999999999889,0,0,0.35861191316530816,300.5550730362613,1.8398954817138171,26.4,25.6,0.0,24.5,79,1013.5,7,25.657142857142855,0.0,0.7999999999999972,40.9,1.2935999999999999,56.59499999999999
14.00_69.30,14.049999999999974,69.34999999999992,13.999999999999973,14.099999999999973,69.29999999999993,69.39999999999992,0,0,0.14794567265007938,317.24502330441317,5.157195360396974,26.6,25.7,0.0,21.6,70,1012.4,7,26.985714285714284,0.0,0.9000000000000021,36.6,1.8620000000000003,56.64676056338029
24.50_70.30,24.549999999999937,70.34999999999987,24.499999999999936,24.599999999999937,70.29999999999987,70.39999999999986,0,0,0.12452795261020624,223.88074779143025,1.7220937261989393,32.5,20.3,0.0,14.2,40,1010.3,7,31.58571428571429,0.0,12.2,27.5,4.55,78.79268292682927
26.60_95.70,26.64999999999993,95.74999999999842,26.59999999999993,26.699999999999932,95.69999999999843,95.79999999999842,0,0,0.7603401897004819,356.1215651619832,2.3223109031915508,24.7,14.0,0.1,13.2,56,910.7,5,22.885714285714283,0.4714285714285714,10.7,27.7,1.8113333333333332,28.599999999999998
28.00_96.90,28.049999999999923,96.94999999999835,27.999999999999922,28.099999999999923,96.89999999999836,96.99999999999835,0,0,0.8741266486482189,1040.1095966858886,10.531485140075818,13.6,1.8,0.0,13.5,53,743.3,4,12.385714285714286,0.7857142857142857,11.799999999999999,15.1,0.8522666666666666,13.6
26.30_87.90,26.34999999999993,87.94999999999887,26.29999999999993,26.39999999999993,87.89999999999887,87.99999999999886,0,0,0.4401338495008351,261.2138538660739,4.15605951097405,30.1,15.3,0.0,11.6,72,1007.3,7,28.214285714285715,0.0,14.8,41.1,1.9665333333333335,33.48109589041096
24.50_70.00,24.549999999999937,70.04999999999988,24.499999999999936,24.599999999999937,69.99999999999989,70.09999999999988,0,0,0.11282405492392744,242.94630220539804,1.4944326158555215,32.2,19.6,0.0,15.7,43,1007.5,7,30.428571428571427,0.0,12.600000000000001,28.700000000000003,4.282600000000001,80.42681818181819
32.10_89.80,32.149999999999906,89.84999999999876,32.09999999999991,32.19999999999991,89.79999999999876,89.89999999999876,0,0,0.7135021260679424,1650.6982594129886,17.1032168405148,-0.7,-13.9,0.0,15.8,34,571.3,7,-2.7857142857142856,0.08571428571428572,13.200000000000001,-8.7,-0.10779999999999998,-2.212
23.20_78.90,23.24999999999994,78.94999999999938,23.19999999999994,23.29999999999994,78.89999999999938,78.99999999999937,1,15,0.5369284568180397,95.18362498127672,2.560827293992194,25.3,16.7,0.0,15.6,69,968.1,7,29.614285714285717,0.0,8.600000000000001,34.8,1.8300333333333336,39.468
8.60_69.10,8.649999999999993,69.14999999999993,8.599999999999993,8.699999999999992,69.09999999999994,69.19999999999993,0,0,0.27704096181367466,105.19701645268671,0.08334530145463459,28.1,27.4,1.0,22.3,77,1011.0,7,28.128571428571426,0.2857142857142857,0.7000000000000028,41.6,1.5080333333333333,56.23602564102564
13.70_84.90,13.749999999999975,84.94999999999904,13.699999999999974,13.799999999999974,84.89999999999904,84.99999999999903,0,0,0.3525771163495576,107.51723940038318,3.0436166765765096,26.5,26.0,0.0,28.8,83,1012.8,7,26.142857142857142,0.0,0.5,43.0,1.051166666666667,63.60000000000001
9.50_77.70,9.54999999999999,77.74999999999945,9.49999999999999,9.599999999999989,77.69999999999945,77.79999999999944,0,0,0.32470158919991926,166.83265908896635,1.4231860884224716,31.0,21.1,4.9,16.1,73,999.4,7,30.74285714285714,0.2,9.899999999999999,42.5,1.9530000000000003,47.212162162162166
36.10_96.80,36.14999999999989,96.84999999999836,36.099999999999895,36.199999999999896,96.79999999999836,96.89999999999836,0,0,0.772495496407291,1944.559584978833,19.11970025173773,6.5,-2.8,0.0,17.3,12,682.0,7,1.9714285714285715,0.0,9.3,-12.5,1.3346666666666667,60.55
9.10_93.00,9.149999999999991,93.04999999999858,9.09999999999999,9.19999999999999,92.99999999999858,93.09999999999857,0,0,0.3004981074494467,481.07970482410025,6.011664754690564,29.2,27.1,12.1,31.8,77,1010.9,0,27.97142857142857,5.971428571428571,2.099999999999998,42.7,0.0,0.0
13.10_90.00,13.149999999999977,90.04999999999875,13.099999999999977,13.199999999999976,89.99999999999875,90.09999999999874,0,0,0.47962870916121036,435.05729413859,5.3825607269910005,27.2,26.9,0.3,25.1,87,1012.2,7,26.457142857142856,0.028571428571428574,0.3000000000000007,45.7,0.8250666666666667,54.307272727272725
25.80_68.60,25.849999999999934,68.64999999999996,25.799999999999933,25.899999999999935,68.59999999999997,68.69999999999996,0,0,0.22023689568700663,380.4915988598384,3.4884337705437924,29.9,16.1,0.0,16.9,58,1013.6,7,29.457142857142856,0.0,13.799999999999997,33.9,2.9302,59.952033898305075
20.40_86.20,20.44999999999995,86.24999999999896,20.39999999999995,20.49999999999995,86.19999999999897,86.29999999999896,0,0,0.34523309757009213,269.55991190960265,2.939406696074158,34.2,19.1,0.0,16.6,59,1013.5,7,31.871428571428567,0.0,15.100000000000001,38.7,3.2718000000000003,66.23400000000001
26.50_93.70,26.54999999999993,93.74999999999854,26.49999999999993,26.59999999999993,93.69999999999854,93.79999999999853,1,2,0.782924038790128,297.98328041886697,3.324563098282836,28.4,15.6,0.0,9.4,67,1004.0,7,26.942857142857143,0.1142857142857143,12.799999999999999,36.9,2.1868,27.48117647058823
23.80_73.10,23.84999999999994,73.14999999999971,23.79999999999994,23.89999999999994,73.09999999999971,73.1999999999997,0,0,0.1104245459424253,350.05610065880614,3.483734153262709,31.1,18.0,0.0,15.3,56,988.3,7,31.171428571428574,0.0,13.100000000000001,34.1,3.1929333333333325,58.435263157894745
30.70_87.00,30.749999999999915,87.04999999999892,30.699999999999914,30.799999999999915,86.99999999999892,87.09999999999891,0,0,0.35504199212909615,1917.0788023046987,18.555608990906958,-6.3,-13.5,4.5,13.2,65,566.6,7,-5.3999999999999995,0.0,7.2,1.2000000000000002,-0.5145,-8.82
22.40_92.60,22.449999999999942,92.6499999999986,22.39999999999994,22.499999999999943,92.5999999999986,92.6999999999986,0,0,0.24942016882368698,391.96163182324455,5.52443504118253,33.5,17.7,0.0,8.2,49,1003.7,7,32.91428571428571,0.0,15.8,33.0,3.9865,38.458
22.20_68.40,22.249999999999947,68.44999999999997,22.199999999999946,22.299999999999947,68.39999999999998,68.49999999999997,0,0,0.36231940915007976,60.319290825330626,2.314404534598837,26.1,24.2,0.0,24.2,67,1013.8,7,24.485714285714288,0.0,1.9000000000000021,34.6,2.0096999999999996,65.01970588235294
19.90_78.60,19.949999999999953,78.6499999999994,19.899999999999952,19.999999999999954,78.5999999999994,78.69999999999939,1,3,0.2440714525733696,1192.7946486462467,13.304452903660094,33.7,21.9,0.0,10.0,55,975.9,7,33.57142857142857,0.0,11.800000000000004,36.2,3.5385000000000004,42.125
25.20_92.10,25.249999999999932,92.14999999999863,25.199999999999932,25.299999999999933,92.09999999999863,92.19999999999862,1,9,0.9018973355269556,157.17170871650228,3.4634542886944284,26.0,17.8,0.0,13.4,47,934.0,7,24.685714285714283,0.0,8.2,24.5,3.215333333333333,50.80833333333334
30.00_75.80,30.049999999999915,75.84999999999955,29.999999999999915,30.099999999999916,75.79999999999956,75.89999999999955,1,4,0.23872408171977177,2357.998585385001,22.608443103256896,26.2,12.8,0.0,7.7,76,991.5,7,25.5,0.028571428571428574,13.399999999999999,39.2,1.4671999999999998,18.34
8.20_78.50,8.249999999999995,78.5499999999994,8.199999999999994,8.299999999999994,78.4999999999994,78.5999999999994,0,0,0.435406731624844,186.68574760012558,0.9029803412721171,27.2,25.8,1.4,38.8,84,1011.0,0,27.142857142857142,1.1714285714285713,1.3999999999999986,44.2,0.0,0.0
8.20_74.00,8.249999999999995,74.04999999999966,8.199999999999994,8.299999999999994,73.99999999999966,74.09999999999965,0,0,0.7814982691085962,1271.0848433544938,11.336252877773894,28.4,27.4,0.0,12.2,78,1010.4,4,27.928571428571427,0.37142857142857144,1.0,42.4,0.8330666666666665,17.543291139240505
28.00_79.50,28.049999999999923,79.54999999999934,27.999999999999922,28.099999999999923,79.49999999999935,79.59999999999934,0,0,0.35427532478579205,1017.1478026026708,11.542260658239938,27.6,12.9,0.0,8.4,74,998.4,1,25.828571428571426,0.18571428571428572,14.700000000000001,39.6,0.23920000000000002,3.0912000000000006
23.90_89.30,23.94999999999994,89.34999999999879,23.899999999999938,23.99999999999994,89.29999999999879,89.39999999999878,0,0,0.8229949316630788,278.2821196703645,2.4193943107981406,30.8,15.8,0.0,9.2,72,1013.2,7,28.728571428571428,0.0,15.0,41.8,2.0122666666666666,27.171506849315065
22.50_92.70,22.549999999999944,92.7499999999986,22.499999999999943,22.599999999999945,92.6999999999986,92.79999999999859,1,1,0.43110212548353577,483.4727937161892,5.318980275165369,33.6,18.3,0.0,7.6,52,989.6,7,33.114285714285714,0.0,15.3,34.6,3.7632000000000003,33.72679245283019
20.70_70.40,20.74999999999995,70.44999999999986,20.69999999999995,20.79999999999995,70.39999999999986,70.49999999999986,0,0,0.20212469510851575,329.4747316849663,2.834813146482724,31.0,22.9,0.0,13.3,62,1012.8,7,28.814285714285713,0.0,8.100000000000001,37.0,2.7486666666666673,45.81111111111111
25.80_94.20,25.849999999999934,94.24999999999851,25.799999999999933,25.899999999999935,94.19999999999851,94.2999999999985,1,5,0.8318072900383373,103.63101257944791,0.2393345496096182,22.6,12.9,0.4,11.0,57,880.5,7,21.82857142857143,0.028571428571428574,9.700000000000001,26.1,2.2675333333333336,30.003448275862073
29.50_73.10,29.54999999999992,73.14999999999971,29.49999999999992,29.59999999999992,73.09999999999971,73.1999999999997,0,0,0.22159889444324912,1568.9885056599505,14.332124843418178,28.2,14.8,0.0,7.0,60,1000.3,1,27.685714285714283,0.37142857142857144,13.399999999999999,33.2,0.376,3.236065573770492
29.20_73.50,29.24999999999992,73.54999999999968,29.199999999999918,29.29999999999992,73.49999999999969,73.59999999999968,1,1,0.4201200552297156,1594.9229512966483,16.62519637958873,28.4,15.2,0.0,8.5,58,999.5,1,28.057142857142857,0.3,13.2,32.4,0.3976,4.091525423728813
17.10_78.30,17.149999999999963,78.34999999999941,17.099999999999962,17.199999999999964,78.29999999999941,78.39999999999941,0,0,0.21988019526066332,757.3553284397436,6.394252434268058,31.1,18.3,0.0,13.7,52,947.6,7,31.1,0.0,12.8,32.1,3.4831999999999996,56.27339622641509
28.10_95.90,28.149999999999924,95.94999999999841,28.099999999999923,28.199999999999925,95.89999999999841,95.99999999999841,1,1,0.8346482954920436,1792.8833671648727,17.140265341791178,26.6,17.7,0.0,12.1,37,833.2,4,23.771428571428572,0.24285714285714285,8.900000000000002,20.1,2.2344,33.88
9.90_86.80,9.949999999999989,86.84999999999893,9.899999999999988,9.999999999999988,86.79999999999893,86.89999999999893,0,0,0.2054542939368631,486.05772864363684,3.6145602942487605,27.1,25.9,33.2,37.2,88,1011.0,0,27.457142857142856,1.1,1.2000000000000028,46.1,0.0,0.0
34.00_89.40,34.0499999999999,89.44999999999878,33.9999999999999,34.0999999999999,89.39999999999878,89.49999999999878,0,0,0.7049528916733346,2537.5458312956507,24.39342172527274,-8.1,-17.3,0.0,24.9,39,536.1,5,-11.200000000000001,0.4714285714285715,9.200000000000001,-13.6,-0.8234999999999999,-25.211249999999996
25.80_76.60,25.849999999999934,76.64999999999951,25.799999999999933,25.899999999999935,76.59999999999951,76.6999999999995,1,5,0.46021251699163557,249.29763806526756,2.0550098306248934,26.6,14.7,0.0,13.8,74,991.9,1,27.74285714285714,0.6285714285714287,11.900000000000002,38.6,0.23053333333333334,4.894400000000001
14.40_87.00,14.449999999999973,87.04999999999892,14.399999999999972,14.499999999999972,86.99999999999892,87.09999999999891,0,0,0.4045209608296324,397.5747085957036,5.005791589732327,26.4,25.8,0.0,27.3,83,1013.1,7,25.814285714285713,0.0,0.5999999999999979,42.9,1.0472000000000004,60.06
15.40_69.50,15.449999999999969,69.54999999999991,15.399999999999968,15.499999999999968,69.49999999999991,69.59999999999991,0,0,0.47625143142194426,489.13847355107526,4.176320008804781,26.7,25.5,0.0,19.8,67,1012.6,7,26.671428571428574,0.0,1.1999999999999993,35.2,2.0559,54.42088235294118
17.00_79.40,17.049999999999965,79.44999999999935,16.999999999999964,17.099999999999966,79.39999999999935,79.49999999999935,0,0,0.40755009871766934,967.4345890182415,8.135138072843175,30.9,19.3,0.0,10.5,67,992.8,7,30.771428571428572,0.0,11.599999999999998,39.4,2.3792999999999997,33.39926470588235
20.20_95.90,20.249999999999954,95.94999999999841,20.199999999999953,20.299999999999955,95.89999999999841,95.99999999999841,0,0,0.45841215300557303,220.61697978918906,0.5127747986203817,34.9,22.7,0.0,8.0,60,985.0,7,33.07142857142857,0.0,12.2,39.9,3.2573333333333334,32.03934426229508
17.30_87.20,17.349999999999962,87.2499999999989,17.29999999999996,17.399999999999963,87.19999999999891,87.2999999999989,0,0,0.2800850348495999,264.493176619501,1.9286526430117439,26.0,25.4,0.0,16.5,78,1014.2,7,25.557142857142857,0.0,0.6000000000000014,40.0,1.3346666666666664,38.0126582278481
21.80_88.30,21.849999999999948,88.34999999999884,21.799999999999947,21.89999999999995,88.29999999999885,88.39999999999884,1,1,0.12348163002159823,109.73859972397035,1.1564590204560041,30.9,18.6,0.0,9.0,73,1014.3,7,28.328571428571426,0.0,12.299999999999997,42.4,1.9467,26.306756756756755
17.80_73.60,17.849999999999962,73.64999999999968,17.79999999999996,17.899999999999963,73.59999999999968,73.69999999999968,1,2,0.7752281604951038,1195.1028160850815,13.321742074142827,34.3,20.2,0.0,17.4,58,925.9,7,33.52857142857143,0.0,14.099999999999998,38.3,3.3614000000000006,70.80915254237287
20.50_77.60,20.54999999999995,77.64999999999945,20.49999999999995,20.59999999999995,77.59999999999945,77.69999999999945,0,0,0.31839996272802346,434.4559539169318,6.051584138450197,33.7,20.2,0.0,12.7,49,971.3,7,32.271428571428565,0.0,13.500000000000004,33.2,4.010300000000001,59.918600000000005
21.40_82.20,21.44999999999995,82.24999999999919,21.39999999999995,21.49999999999995,82.19999999999919,82.29999999999919,1,1,0.7350818882588924,254.48165668808522,2.9145977171369566,33.1,17.7,0.0,8.7,54,986.0,7,31.499999999999996,0.0,15.400000000000002,35.1,3.552733333333333,36.650727272727266
6.50_86.60,6.55,86.64999999999894,6.5,6.6,86.59999999999894,86.69999999999894,0,0,0.35474935845437006,337.6219024251292,4.6632405337886045,28.0,26.8,10.9,23.2,82,1009.9,0,27.485714285714288,17.214285714285715,1.1999999999999993,44.0,0.0,0.0
35.20_70.60,35.24999999999989,70.64999999999985,35.199999999999896,35.2999999999999,70.59999999999985,70.69999999999985,0,0,0.2088344752275019,2523.8598436164884,23.88113276007464,-3.2,-5.9,0.0,11.4,37,602.3,7,-6.200000000000001,0.08571428571428572,2.7,-9.7,-0.47040000000000004,-6.720000000000001
31.90_76.20,31.94999999999991,76.24999999999953,31.89999999999991,31.99999999999991,76.19999999999953,76.29999999999953,0,0,0.44203359155962674,1345.025850414448,12.548663164516702,25.3,9.4,0.0,12.9,62,959.4,7,23.62857142857143,0.0,15.9,31.3,2.2432666666666665,36.263333333333335
22.90_77.90,22.949999999999942,77.94999999999943,22.89999999999994,22.999999999999943,77.89999999999944,77.99999999999943,1,7,0.14049062299844622,83.23958813363703,0.0,24.6,18.4,0.5,15.2,72,979.4,0,30.514285714285712,0.15714285714285717,6.200000000000003,35.6,0.0,0.0
19.10_90.00,19.149999999999956,90.04999999999875,19.099999999999955,19.199999999999957,89.99999999999875,90.09999999999874,0,0,0.2871616562659043,449.90104102738167,5.1563309160716155,25.4,24.8,0.0,14.7,82,1014.4,7,25.257142857142856,0.0,0.5999999999999979,41.4,1.0668000000000002,31.489879518072282
23.90_77.40,23.94999999999994,77.44999999999946,23.899999999999938,23.99999999999994,77.39999999999947,77.49999999999946,1,3,0.4147609561529271,361.3883576103872,1.9390346988649725,23.8,17.4,0.0,13.1,74,961.5,1,28.4,0.17142857142857143,6.400000000000002,35.8,0.20626666666666668,4.157066666666666
21.80_84.10,21.849999999999948,84.14999999999908,21.799999999999947,21.89999999999995,84.09999999999908,84.19999999999908,1,1,0.7771532470116858,131.85060515583004,0.6984838253412424,32.8,18.1,0.0,7.9,55,988.6,7,30.457142857142856,0.0,14.699999999999996,35.3,3.443999999999999,32.39
15.90_71.40,15.949999999999967,71.4499999999998,15.899999999999967,15.999999999999966,71.3999999999998,71.4999999999998,0,0,0.21117924219172488,460.4005898912017,3.7596870542888525,27.1,26.1,0.0,24.4,75,1011.9,7,27.385714285714283,0.0,1.0,39.6,1.5808333333333335,60.90368421052632
13.60_80.90,13.649999999999975,80.94999999999926,13.599999999999975,13.699999999999974,80.89999999999927,80.99999999999926,0,0,0.40846159928783043,697.1976880060278,7.4518425873086,26.9,26.4,0.0,20.7,78,1013.2,7,26.599999999999998,0.0,0.5,40.9,1.3808666666666665,49.33936708860759
23.40_79.20,23.449999999999942,79.24999999999936,23.39999999999994,23.499999999999943,79.19999999999936,79.29999999999936,1,2,0.7023215644156248,137.21920928910095,2.8703832424378604,24.6,17.1,0.0,12.0,70,970.8,7,29.185714285714283,0.07142857142857142,7.5,34.6,1.7220000000000004,29.104225352112685
14.40_90.10,14.449999999999973,90.14999999999874,14.399999999999972,14.499999999999972,90.09999999999874,90.19999999999874,0,0,0.1404367576440674,474.061660237383,6.722254631502348,27.0,26.5,0.0,23.2,87,1012.9,7,25.985714285714288,0.0,0.5,45.5,0.819,49.82727272727273
23.70_88.30,23.74999999999994,88.34999999999884,23.69999999999994,23.79999999999994,88.29999999999885,88.39999999999884,0,0,0.9268573399567359,431.2162773988661,4.6102392057191945,29.5,17.8,0.0,6.2,70,1013.5,7,27.25714285714286,0.0,11.7,39.5,2.065,18.03239436619718
19.00_76.90,19.049999999999958,76.94999999999949,18.999999999999957,19.09999999999996,76.8999999999995,76.99999999999949,0,0,0.8820840670212675,542.4351856012996,5.677003030379593,33.5,20.0,0.0,11.1,52,971.7,7,33.285714285714285,0.0,13.5,34.5,3.752,49.112264150943396
26.90_92.30,26.94999999999993,92.34999999999862,26.899999999999928,26.99999999999993,92.29999999999862,92.39999999999861,1,9,0.881573167844533,431.33816670796455,2.79488794548068,25.4,16.3,0.0,10.9,47,966.5,7,23.314285714285717,0.0,9.099999999999998,23.9,3.141133333333333,40.375416666666666
19.10_75.10,19.149999999999956,75.1499999999996,19.099999999999955,19.199999999999957,75.0999999999996,75.19999999999959,0,0,0.8212415305383275,1411.0000014297793,13.86989871753835,30.8,20.4,0.0,15.7,53,946.3,7,29.885714285714283,0.0,10.400000000000002,32.3,3.377733333333333,62.683703703703706
30.50_82.00,30.549999999999915,82.0499999999992,30.499999999999915,30.599999999999916,81.9999999999992,82.0999999999992,0,0,0.14142807275991107,1721.7211732650835,17.942105741352446,-8.0,-19.0,0.0,12.9,48,514.7,7,-10.314285714285713,0.05714285714285715,11.0,-9.0,-0.9706666666666667,-14.742857142857142
